Variable	Commentaire	Date de départ	Heure de départ	Valeur
S7:[CPU_IMPORT_EXPORT]IB0:0	Pince fermée.	17/05/2021	26:33,9	FAUX
S7:[CPU_IMPORT_EXPORT]IB0:1	Pince ouverte.	17/05/2021	26:33,9	FAUX
S7:[CPU_IMPORT_EXPORT]IB0:2	Pince en position convoyeur d’approvisionnement sur l’axe X.	17/05/2021	26:33,9	FAUX
S7:[CPU_IMPORT_EXPORT]IB0:3	Pince en position glissière externe sur l’axe X.	17/05/2021	26:33,9	FAUX
S7:[CPU_IMPORT_EXPORT]IB0:4	Pince en position glissière intermédiaire sur l’axe X.	17/05/2021	26:33,9	FAUX
S7:[CPU_IMPORT_EXPORT]IB0:5	Pince en position convoyeur central sur l’axe Y.	17/05/2021	26:33,9	FAUX
S7:[CPU_IMPORT_EXPORT]IB0:6	Pince en position station import/export sur l’axe Y.	17/05/2021	26:33,9	FAUX
S7:[CPU_IMPORT_EXPORT]IB0:7	Pince en position haute sur l'axe Z	17/05/2021	26:33,9	FAUX
S7:[CPU_IMPORT_EXPORT]IB1:0	Pince en position basse sur l'axe Z	17/05/2021	26:33,9	FAUX
S7:[CPU_IMPORT_EXPORT]IB1:1	présence d'un 6packs au début du convoyeur d'approvisionnement	17/05/2021	26:33,9	FAUX
S7:[CPU_IMPORT_EXPORT]IB1:2	présence d'un 6packs à la fin du convyeur d'approvisionnement	17/05/2021	26:33,9	FAUX
S7:[CPU_IMPORT_EXPORT]IB1:5	Glissière intermédiaire pleine	17/05/2021	26:33,9	FAUX
S7:[CPU_IMPORT_EXPORT]IB1:6	Glissière externe pleine	17/05/2021	26:33,9	FAUX
S7:[CPU_IMPORT_EXPORT]IB1:7	butée de la glissière intermédiaire sortie	17/05/2021	26:33,9	FAUX
S7:[CPU_IMPORT_EXPORT]IB2:0	butée de la glisssière externe sortie	17/05/2021	26:33,9	FAUX
S7:[CPU_IMPORT_EXPORT]IB2:1	Stoppeur intermédiaire sortie	17/05/2021	26:33,9	FAUX
S7:[CPU_IMPORT_EXPORT]IB2:2	Stoppeur intermédiaire rentrée	17/05/2021	26:33,9	FAUX
S7:[CPU_IMPORT_EXPORT]IB2:4	Arret d'urgence	17/05/2021	26:33,9	FAUX
S7:[CPU_IMPORT_EXPORT]IB2:6	Présence d’un 6packs sur la butée de la glissière intermédiaire	17/05/2021	26:33,9	FAUX
S7:[CPU_IMPORT_EXPORT]IB2:7	Présence d’un 6packs sur la butée de la glissière externe.	17/05/2021	26:33,9	FAUX
S7:[CPU_IMPORT_EXPORT]IB0:1	Pince ouverte.	17/05/2021	26:34,1	VRAI
S7:[CPU_IMPORT_EXPORT]IB0:2	Pince en position convoyeur d’approvisionnement sur l’axe X.	17/05/2021	26:34,1	VRAI
S7:[CPU_IMPORT_EXPORT]IB0:6	Pince en position station import/export sur l’axe Y.	17/05/2021	26:34,1	VRAI
S7:[CPU_IMPORT_EXPORT]IB0:7	Pince en position haute sur l'axe Z	17/05/2021	26:34,1	VRAI
S7:[CPU_IMPORT_EXPORT]IB2:2	Stoppeur intermédiaire rentrée	17/05/2021	26:34,1	VRAI
S7:[CPU_IMPORT_EXPORT]IB2:6	Présence d’un 6packs sur la butée de la glissière intermédiaire	17/05/2021	26:34,1	VRAI
S7:[CPU_IMPORT_EXPORT]IB2:6	Présence d’un 6packs sur la butée de la glissière intermédiaire	17/05/2021	27:04,9	FAUX
S7:[CPU_IMPORT_EXPORT]IB1:1	présence d'un 6packs au début du convoyeur d'approvisionnement	17/05/2021	27:19,8	VRAI
S7:[CPU_IMPORT_EXPORT]IB1:1	présence d'un 6packs au début du convoyeur d'approvisionnement	17/05/2021	27:20,4	FAUX
S7:[CPU_IMPORT_EXPORT]IB1:2	présence d'un 6packs à la fin du convyeur d'approvisionnement	17/05/2021	27:22,7	VRAI
S7:[CPU_IMPORT_EXPORT]IB0:7	Pince en position haute sur l'axe Z	17/05/2021	27:23,3	FAUX
S7:[CPU_IMPORT_EXPORT]IB1:0	Pince en position basse sur l'axe Z	17/05/2021	27:24,6	VRAI
S7:[CPU_IMPORT_EXPORT]IB0:1	Pince ouverte.	17/05/2021	27:24,7	FAUX
S7:[CPU_IMPORT_EXPORT]IB0:0	Pince fermée.	17/05/2021	27:24,8	VRAI
S7:[CPU_IMPORT_EXPORT]IB1:0	Pince en position basse sur l'axe Z	17/05/2021	27:25,4	FAUX
S7:[CPU_IMPORT_EXPORT]IB1:2	présence d'un 6packs à la fin du convyeur d'approvisionnement	17/05/2021	27:25,6	FAUX
S7:[CPU_IMPORT_EXPORT]IB0:7	Pince en position haute sur l'axe Z	17/05/2021	27:26,8	VRAI
S7:[CPU_IMPORT_EXPORT]IB0:6	Pince en position station import/export sur l’axe Y.	17/05/2021	27:26,9	FAUX
S7:[CPU_IMPORT_EXPORT]IB0:5	Pince en position convoyeur central sur l’axe Y.	17/05/2021	27:28,0	VRAI
S7:[CPU_IMPORT_EXPORT]IB0:7	Pince en position haute sur l'axe Z	17/05/2021	27:28,6	FAUX
S7:[CPU_IMPORT_EXPORT]IB1:0	Pince en position basse sur l'axe Z	17/05/2021	27:30,0	VRAI
S7:[CPU_IMPORT_EXPORT]IB0:0	Pince fermée.	17/05/2021	27:30,1	FAUX
S7:[CPU_IMPORT_EXPORT]IB0:1	Pince ouverte.	17/05/2021	27:30,1	VRAI
S7:[CPU_IMPORT_EXPORT]IB1:0	Pince en position basse sur l'axe Z	17/05/2021	27:30,6	FAUX
S7:[CPU_IMPORT_EXPORT]IB0:7	Pince en position haute sur l'axe Z	17/05/2021	27:32,0	VRAI
S7:[CPU_IMPORT_EXPORT]IB0:5	Pince en position convoyeur central sur l’axe Y.	17/05/2021	27:32,1	FAUX
S7:[CPU_IMPORT_EXPORT]IB0:6	Pince en position station import/export sur l’axe Y.	17/05/2021	27:33,4	VRAI
S7:[CPU_IMPORT_EXPORT]IB0:6	Pince en position station import/export sur l’axe Y.	17/05/2021	27:33,5	FAUX
S7:[CPU_IMPORT_EXPORT]IB0:5	Pince en position convoyeur central sur l’axe Y.	17/05/2021	27:34,7	VRAI
S7:[CPU_IMPORT_EXPORT]IB0:7	Pince en position haute sur l'axe Z	17/05/2021	27:35,1	FAUX
S7:[CPU_IMPORT_EXPORT]IB1:0	Pince en position basse sur l'axe Z	17/05/2021	27:36,6	VRAI
S7:[CPU_IMPORT_EXPORT]IB0:1	Pince ouverte.	17/05/2021	27:36,7	FAUX
S7:[CPU_IMPORT_EXPORT]IB0:0	Pince fermée.	17/05/2021	27:36,8	VRAI
S7:[CPU_IMPORT_EXPORT]IB1:0	Pince en position basse sur l'axe Z	17/05/2021	27:37,4	FAUX
S7:[CPU_IMPORT_EXPORT]IB0:7	Pince en position haute sur l'axe Z	17/05/2021	27:38,8	VRAI
S7:[CPU_IMPORT_EXPORT]IB0:5	Pince en position convoyeur central sur l’axe Y.	17/05/2021	27:38,9	FAUX
S7:[CPU_IMPORT_EXPORT]IB1:1	présence d'un 6packs au début du convoyeur d'approvisionnement	17/05/2021	27:39,6	VRAI
S7:[CPU_IMPORT_EXPORT]IB0:6	Pince en position station import/export sur l’axe Y.	17/05/2021	27:40,3	VRAI
S7:[CPU_IMPORT_EXPORT]IB1:7	butée de la glissière intermédiaire sortie	17/05/2021	27:40,4	VRAI
S7:[CPU_IMPORT_EXPORT]IB2:1	Stoppeur intermédiaire sortie	17/05/2021	27:40,5	VRAI
S7:[CPU_IMPORT_EXPORT]IB2:2	Stoppeur intermédiaire rentrée	17/05/2021	27:40,5	FAUX
S7:[CPU_IMPORT_EXPORT]IB0:2	Pince en position convoyeur d’approvisionnement sur l’axe X.	17/05/2021	27:40,7	FAUX
S7:[CPU_IMPORT_EXPORT]IB0:4	Pince en position glissière intermédiaire sur l’axe X.	17/05/2021	27:41,6	VRAI
S7:[CPU_IMPORT_EXPORT]IB0:7	Pince en position haute sur l'axe Z	17/05/2021	27:42,1	FAUX
S7:[CPU_IMPORT_EXPORT]IB1:5	Glissière intermédiaire pleine	17/05/2021	27:43,0	VRAI
S7:[CPU_IMPORT_EXPORT]IB1:0	Pince en position basse sur l'axe Z	17/05/2021	27:43,5	VRAI
S7:[CPU_IMPORT_EXPORT]IB0:0	Pince fermée.	17/05/2021	27:43,8	FAUX
S7:[CPU_IMPORT_EXPORT]IB0:1	Pince ouverte.	17/05/2021	27:43,8	VRAI
S7:[CPU_IMPORT_EXPORT]IB1:0	Pince en position basse sur l'axe Z	17/05/2021	27:44,2	FAUX
S7:[CPU_IMPORT_EXPORT]IB0:7	Pince en position haute sur l'axe Z	17/05/2021	27:45,6	VRAI
S7:[CPU_IMPORT_EXPORT]IB0:4	Pince en position glissière intermédiaire sur l’axe X.	17/05/2021	27:45,7	FAUX
S7:[CPU_IMPORT_EXPORT]IB1:7	butée de la glissière intermédiaire sortie	17/05/2021	27:45,7	FAUX
S7:[CPU_IMPORT_EXPORT]IB2:1	Stoppeur intermédiaire sortie	17/05/2021	27:45,7	FAUX
S7:[CPU_IMPORT_EXPORT]IB2:2	Stoppeur intermédiaire rentrée	17/05/2021	27:45,8	VRAI
S7:[CPU_IMPORT_EXPORT]IB1:5	Glissière intermédiaire pleine	17/05/2021	27:46,3	FAUX
S7:[CPU_IMPORT_EXPORT]IB2:6	Présence d’un 6packs sur la butée de la glissière intermédiaire	17/05/2021	27:46,4	VRAI
S7:[CPU_IMPORT_EXPORT]IB2:6	Présence d’un 6packs sur la butée de la glissière intermédiaire	17/05/2021	27:46,6	FAUX
S7:[CPU_IMPORT_EXPORT]IB0:2	Pince en position convoyeur d’approvisionnement sur l’axe X.	17/05/2021	27:47,0	VRAI
S7:[CPU_IMPORT_EXPORT]IB1:1	présence d'un 6packs au début du convoyeur d'approvisionnement	17/05/2021	27:47,4	FAUX
S7:[CPU_IMPORT_EXPORT]IB1:2	présence d'un 6packs à la fin du convyeur d'approvisionnement	17/05/2021	27:49,9	VRAI
S7:[CPU_IMPORT_EXPORT]IB0:7	Pince en position haute sur l'axe Z	17/05/2021	27:50,3	FAUX
S7:[CPU_IMPORT_EXPORT]IB1:0	Pince en position basse sur l'axe Z	17/05/2021	27:51,7	VRAI
S7:[CPU_IMPORT_EXPORT]IB0:1	Pince ouverte.	17/05/2021	27:51,8	FAUX
S7:[CPU_IMPORT_EXPORT]IB0:0	Pince fermée.	17/05/2021	27:51,9	VRAI
S7:[CPU_IMPORT_EXPORT]IB1:0	Pince en position basse sur l'axe Z	17/05/2021	27:52,4	FAUX
S7:[CPU_IMPORT_EXPORT]IB1:2	présence d'un 6packs à la fin du convyeur d'approvisionnement	17/05/2021	27:52,7	FAUX
S7:[CPU_IMPORT_EXPORT]IB0:7	Pince en position haute sur l'axe Z	17/05/2021	27:53,7	VRAI
S7:[CPU_IMPORT_EXPORT]IB0:6	Pince en position station import/export sur l’axe Y.	17/05/2021	27:53,9	FAUX
S7:[CPU_IMPORT_EXPORT]IB0:5	Pince en position convoyeur central sur l’axe Y.	17/05/2021	27:55,2	VRAI
S7:[CPU_IMPORT_EXPORT]IB0:7	Pince en position haute sur l'axe Z	17/05/2021	27:55,6	FAUX
S7:[CPU_IMPORT_EXPORT]IB1:0	Pince en position basse sur l'axe Z	17/05/2021	27:57,0	VRAI
S7:[CPU_IMPORT_EXPORT]IB0:0	Pince fermée.	17/05/2021	27:57,1	FAUX
S7:[CPU_IMPORT_EXPORT]IB0:1	Pince ouverte.	17/05/2021	27:57,2	VRAI
S7:[CPU_IMPORT_EXPORT]IB1:0	Pince en position basse sur l'axe Z	17/05/2021	27:57,8	FAUX
S7:[CPU_IMPORT_EXPORT]IB0:7	Pince en position haute sur l'axe Z	17/05/2021	27:59,2	VRAI
S7:[CPU_IMPORT_EXPORT]IB0:5	Pince en position convoyeur central sur l’axe Y.	17/05/2021	27:59,5	FAUX
S7:[CPU_IMPORT_EXPORT]IB1:1	présence d'un 6packs au début du convoyeur d'approvisionnement	17/05/2021	27:59,5	VRAI
S7:[CPU_IMPORT_EXPORT]IB0:6	Pince en position station import/export sur l’axe Y.	17/05/2021	28:00,5	VRAI
S7:[CPU_IMPORT_EXPORT]IB0:6	Pince en position station import/export sur l’axe Y.	17/05/2021	28:00,6	FAUX
S7:[CPU_IMPORT_EXPORT]IB0:5	Pince en position convoyeur central sur l’axe Y.	17/05/2021	28:01,7	VRAI
S7:[CPU_IMPORT_EXPORT]IB0:7	Pince en position haute sur l'axe Z	17/05/2021	28:02,2	FAUX
S7:[CPU_IMPORT_EXPORT]IB1:0	Pince en position basse sur l'axe Z	17/05/2021	28:03,7	VRAI
S7:[CPU_IMPORT_EXPORT]IB0:1	Pince ouverte.	17/05/2021	28:03,8	FAUX
S7:[CPU_IMPORT_EXPORT]IB0:0	Pince fermée.	17/05/2021	28:03,9	VRAI
S7:[CPU_IMPORT_EXPORT]IB1:0	Pince en position basse sur l'axe Z	17/05/2021	28:04,5	FAUX
S7:[CPU_IMPORT_EXPORT]IB0:7	Pince en position haute sur l'axe Z	17/05/2021	28:05,8	VRAI
S7:[CPU_IMPORT_EXPORT]IB0:5	Pince en position convoyeur central sur l’axe Y.	17/05/2021	28:06,0	FAUX
S7:[CPU_IMPORT_EXPORT]IB0:6	Pince en position station import/export sur l’axe Y.	17/05/2021	28:07,0	VRAI
S7:[CPU_IMPORT_EXPORT]IB1:7	butée de la glissière intermédiaire sortie	17/05/2021	28:07,3	VRAI
S7:[CPU_IMPORT_EXPORT]IB2:2	Stoppeur intermédiaire rentrée	17/05/2021	28:07,5	FAUX
S7:[CPU_IMPORT_EXPORT]IB2:1	Stoppeur intermédiaire sortie	17/05/2021	28:07,6	VRAI
S7:[CPU_IMPORT_EXPORT]IB0:2	Pince en position convoyeur d’approvisionnement sur l’axe X.	17/05/2021	28:07,7	FAUX
S7:[CPU_IMPORT_EXPORT]IB0:4	Pince en position glissière intermédiaire sur l’axe X.	17/05/2021	28:08,6	VRAI
S7:[CPU_IMPORT_EXPORT]IB0:7	Pince en position haute sur l'axe Z	17/05/2021	28:09,2	FAUX
S7:[CPU_IMPORT_EXPORT]IB1:0	Pince en position basse sur l'axe Z	17/05/2021	28:10,5	VRAI
S7:[CPU_IMPORT_EXPORT]IB0:0	Pince fermée.	17/05/2021	28:10,7	FAUX
S7:[CPU_IMPORT_EXPORT]IB0:1	Pince ouverte.	17/05/2021	28:10,7	VRAI
S7:[CPU_IMPORT_EXPORT]IB1:0	Pince en position basse sur l'axe Z	17/05/2021	28:11,3	FAUX
S7:[CPU_IMPORT_EXPORT]IB0:7	Pince en position haute sur l'axe Z	17/05/2021	28:12,6	VRAI
S7:[CPU_IMPORT_EXPORT]IB0:4	Pince en position glissière intermédiaire sur l’axe X.	17/05/2021	28:12,8	FAUX
S7:[CPU_IMPORT_EXPORT]IB1:7	butée de la glissière intermédiaire sortie	17/05/2021	28:12,8	FAUX
S7:[CPU_IMPORT_EXPORT]IB2:1	Stoppeur intermédiaire sortie	17/05/2021	28:12,8	FAUX
S7:[CPU_IMPORT_EXPORT]IB2:2	Stoppeur intermédiaire rentrée	17/05/2021	28:12,9	VRAI
S7:[CPU_IMPORT_EXPORT]IB0:2	Pince en position convoyeur d’approvisionnement sur l’axe X.	17/05/2021	28:31,8	VRAI
S7:[CPU_IMPORT_EXPORT]IB1:1	présence d'un 6packs au début du convoyeur d'approvisionnement	17/05/2021	28:32,3	FAUX
S7:[CPU_IMPORT_EXPORT]IB1:2	présence d'un 6packs à la fin du convyeur d'approvisionnement	17/05/2021	28:34,8	VRAI
S7:[CPU_IMPORT_EXPORT]IB0:7	Pince en position haute sur l'axe Z	17/05/2021	28:35,4	FAUX
S7:[CPU_IMPORT_EXPORT]IB1:0	Pince en position basse sur l'axe Z	17/05/2021	28:36,6	VRAI
S7:[CPU_IMPORT_EXPORT]IB0:1	Pince ouverte.	17/05/2021	28:36,8	FAUX
S7:[CPU_IMPORT_EXPORT]IB0:0	Pince fermée.	17/05/2021	28:36,9	VRAI
S7:[CPU_IMPORT_EXPORT]IB1:0	Pince en position basse sur l'axe Z	17/05/2021	28:37,3	FAUX
S7:[CPU_IMPORT_EXPORT]IB1:2	présence d'un 6packs à la fin du convyeur d'approvisionnement	17/05/2021	28:37,6	FAUX
S7:[CPU_IMPORT_EXPORT]IB0:7	Pince en position haute sur l'axe Z	17/05/2021	28:38,6	VRAI
S7:[CPU_IMPORT_EXPORT]IB0:6	Pince en position station import/export sur l’axe Y.	17/05/2021	28:38,8	FAUX
S7:[CPU_IMPORT_EXPORT]IB0:5	Pince en position convoyeur central sur l’axe Y.	17/05/2021	28:40,0	VRAI
S7:[CPU_IMPORT_EXPORT]IB0:7	Pince en position haute sur l'axe Z	17/05/2021	28:40,6	FAUX
S7:[CPU_IMPORT_EXPORT]IB1:0	Pince en position basse sur l'axe Z	17/05/2021	28:41,8	VRAI
S7:[CPU_IMPORT_EXPORT]IB0:0	Pince fermée.	17/05/2021	28:42,0	FAUX
S7:[CPU_IMPORT_EXPORT]IB0:1	Pince ouverte.	17/05/2021	28:42,2	VRAI
S7:[CPU_IMPORT_EXPORT]IB1:0	Pince en position basse sur l'axe Z	17/05/2021	28:42,6	FAUX
S7:[CPU_IMPORT_EXPORT]IB0:7	Pince en position haute sur l'axe Z	17/05/2021	28:43,9	VRAI
S7:[CPU_IMPORT_EXPORT]IB0:5	Pince en position convoyeur central sur l’axe Y.	17/05/2021	28:44,1	FAUX
S7:[CPU_IMPORT_EXPORT]IB0:6	Pince en position station import/export sur l’axe Y.	17/05/2021	28:45,3	VRAI
S7:[CPU_IMPORT_EXPORT]IB0:6	Pince en position station import/export sur l’axe Y.	17/05/2021	28:45,4	FAUX
S7:[CPU_IMPORT_EXPORT]IB0:5	Pince en position convoyeur central sur l’axe Y.	17/05/2021	28:46,6	VRAI
S7:[CPU_IMPORT_EXPORT]IB0:7	Pince en position haute sur l'axe Z	17/05/2021	28:47,2	FAUX
S7:[CPU_IMPORT_EXPORT]IB1:0	Pince en position basse sur l'axe Z	17/05/2021	28:48,6	VRAI
S7:[CPU_IMPORT_EXPORT]IB0:0	Pince fermée.	17/05/2021	28:48,8	VRAI
S7:[CPU_IMPORT_EXPORT]IB0:1	Pince ouverte.	17/05/2021	28:48,8	FAUX
S7:[CPU_IMPORT_EXPORT]IB1:0	Pince en position basse sur l'axe Z	17/05/2021	28:49,2	FAUX
S7:[CPU_IMPORT_EXPORT]IB0:7	Pince en position haute sur l'axe Z	17/05/2021	28:50,5	VRAI
S7:[CPU_IMPORT_EXPORT]IB0:5	Pince en position convoyeur central sur l’axe Y.	17/05/2021	28:50,7	FAUX
S7:[CPU_IMPORT_EXPORT]IB0:6	Pince en position station import/export sur l’axe Y.	17/05/2021	28:51,9	VRAI
S7:[CPU_IMPORT_EXPORT]IB1:7	butée de la glissière intermédiaire sortie	17/05/2021	28:52,1	VRAI
S7:[CPU_IMPORT_EXPORT]IB2:2	Stoppeur intermédiaire rentrée	17/05/2021	28:52,3	FAUX
S7:[CPU_IMPORT_EXPORT]IB2:1	Stoppeur intermédiaire sortie	17/05/2021	28:52,4	VRAI
S7:[CPU_IMPORT_EXPORT]IB0:2	Pince en position convoyeur d’approvisionnement sur l’axe X.	17/05/2021	28:52,5	FAUX
S7:[CPU_IMPORT_EXPORT]IB0:4	Pince en position glissière intermédiaire sur l’axe X.	17/05/2021	28:53,4	VRAI
S7:[CPU_IMPORT_EXPORT]IB0:7	Pince en position haute sur l'axe Z	17/05/2021	28:54,0	FAUX
S7:[CPU_IMPORT_EXPORT]IB1:5	Glissière intermédiaire pleine	17/05/2021	28:54,8	VRAI
S7:[CPU_IMPORT_EXPORT]IB1:0	Pince en position basse sur l'axe Z	17/05/2021	28:55,4	VRAI
S7:[CPU_IMPORT_EXPORT]IB0:0	Pince fermée.	17/05/2021	28:55,6	FAUX
S7:[CPU_IMPORT_EXPORT]IB0:1	Pince ouverte.	17/05/2021	28:55,6	VRAI
S7:[CPU_IMPORT_EXPORT]IB1:0	Pince en position basse sur l'axe Z	17/05/2021	28:56,1	FAUX
S7:[CPU_IMPORT_EXPORT]IB0:7	Pince en position haute sur l'axe Z	17/05/2021	28:57,4	VRAI
S7:[CPU_IMPORT_EXPORT]IB0:4	Pince en position glissière intermédiaire sur l’axe X.	17/05/2021	28:57,6	FAUX
S7:[CPU_IMPORT_EXPORT]IB1:7	butée de la glissière intermédiaire sortie	17/05/2021	28:57,6	FAUX
S7:[CPU_IMPORT_EXPORT]IB2:1	Stoppeur intermédiaire sortie	17/05/2021	28:57,6	FAUX
S7:[CPU_IMPORT_EXPORT]IB2:2	Stoppeur intermédiaire rentrée	17/05/2021	28:57,7	VRAI
S7:[CPU_IMPORT_EXPORT]IB1:5	Glissière intermédiaire pleine	17/05/2021	28:58,1	FAUX
S7:[CPU_IMPORT_EXPORT]IB2:6	Présence d’un 6packs sur la butée de la glissière intermédiaire	17/05/2021	28:58,2	VRAI
S7:[CPU_IMPORT_EXPORT]IB2:6	Présence d’un 6packs sur la butée de la glissière intermédiaire	17/05/2021	28:58,5	FAUX
S7:[CPU_IMPORT_EXPORT]IB0:2	Pince en position convoyeur d’approvisionnement sur l’axe X.	17/05/2021	28:58,7	VRAI
S7:[CPU_IMPORT_EXPORT]IB1:1	présence d'un 6packs au début du convoyeur d'approvisionnement	17/05/2021	29:00,2	VRAI
S7:[CPU_IMPORT_EXPORT]IB1:1	présence d'un 6packs au début du convoyeur d'approvisionnement	17/05/2021	29:00,7	FAUX
S7:[CPU_IMPORT_EXPORT]IB1:2	présence d'un 6packs à la fin du convyeur d'approvisionnement	17/05/2021	29:03,0	VRAI
S7:[CPU_IMPORT_EXPORT]IB0:7	Pince en position haute sur l'axe Z	17/05/2021	29:03,4	FAUX
S7:[CPU_IMPORT_EXPORT]IB1:0	Pince en position basse sur l'axe Z	17/05/2021	29:04,8	VRAI
S7:[CPU_IMPORT_EXPORT]IB0:1	Pince ouverte.	17/05/2021	29:05,0	FAUX
S7:[CPU_IMPORT_EXPORT]IB0:0	Pince fermée.	17/05/2021	29:05,1	VRAI
S7:[CPU_IMPORT_EXPORT]IB1:0	Pince en position basse sur l'axe Z	17/05/2021	29:05,5	FAUX
S7:[CPU_IMPORT_EXPORT]IB1:2	présence d'un 6packs à la fin du convyeur d'approvisionnement	17/05/2021	29:05,7	FAUX
S7:[CPU_IMPORT_EXPORT]IB0:7	Pince en position haute sur l'axe Z	17/05/2021	29:06,8	VRAI
S7:[CPU_IMPORT_EXPORT]IB0:6	Pince en position station import/export sur l’axe Y.	17/05/2021	29:07,0	FAUX
S7:[CPU_IMPORT_EXPORT]IB0:5	Pince en position convoyeur central sur l’axe Y.	17/05/2021	29:08,2	VRAI
S7:[CPU_IMPORT_EXPORT]IB0:7	Pince en position haute sur l'axe Z	17/05/2021	29:08,7	FAUX
S7:[CPU_IMPORT_EXPORT]IB1:0	Pince en position basse sur l'axe Z	17/05/2021	29:10,1	VRAI
S7:[CPU_IMPORT_EXPORT]IB0:0	Pince fermée.	17/05/2021	29:10,2	FAUX
S7:[CPU_IMPORT_EXPORT]IB0:1	Pince ouverte.	17/05/2021	29:10,3	VRAI
S7:[CPU_IMPORT_EXPORT]IB1:0	Pince en position basse sur l'axe Z	17/05/2021	29:10,8	FAUX
S7:[CPU_IMPORT_EXPORT]IB0:7	Pince en position haute sur l'axe Z	17/05/2021	29:12,3	VRAI
S7:[CPU_IMPORT_EXPORT]IB0:5	Pince en position convoyeur central sur l’axe Y.	17/05/2021	29:12,4	FAUX
S7:[CPU_IMPORT_EXPORT]IB0:6	Pince en position station import/export sur l’axe Y.	17/05/2021	29:13,5	VRAI
S7:[CPU_IMPORT_EXPORT]IB0:6	Pince en position station import/export sur l’axe Y.	17/05/2021	29:13,6	FAUX
S7:[CPU_IMPORT_EXPORT]IB0:5	Pince en position convoyeur central sur l’axe Y.	17/05/2021	29:14,7	VRAI
S7:[CPU_IMPORT_EXPORT]IB0:7	Pince en position haute sur l'axe Z	17/05/2021	29:15,4	FAUX
S7:[CPU_IMPORT_EXPORT]IB1:0	Pince en position basse sur l'axe Z	17/05/2021	29:16,7	VRAI
S7:[CPU_IMPORT_EXPORT]IB0:1	Pince ouverte.	17/05/2021	29:16,9	FAUX
S7:[CPU_IMPORT_EXPORT]IB0:0	Pince fermée.	17/05/2021	29:17,0	VRAI
S7:[CPU_IMPORT_EXPORT]IB1:0	Pince en position basse sur l'axe Z	17/05/2021	29:17,6	FAUX
S7:[CPU_IMPORT_EXPORT]IB0:7	Pince en position haute sur l'axe Z	17/05/2021	29:19,0	VRAI
S7:[CPU_IMPORT_EXPORT]IB0:5	Pince en position convoyeur central sur l’axe Y.	17/05/2021	29:19,1	FAUX
S7:[CPU_IMPORT_EXPORT]IB0:6	Pince en position station import/export sur l’axe Y.	17/05/2021	29:20,2	VRAI
S7:[CPU_IMPORT_EXPORT]IB1:7	butée de la glissière intermédiaire sortie	17/05/2021	29:20,3	VRAI
S7:[CPU_IMPORT_EXPORT]IB2:2	Stoppeur intermédiaire rentrée	17/05/2021	29:20,6	FAUX
S7:[CPU_IMPORT_EXPORT]IB2:1	Stoppeur intermédiaire sortie	17/05/2021	29:20,7	VRAI
S7:[CPU_IMPORT_EXPORT]IB0:2	Pince en position convoyeur d’approvisionnement sur l’axe X.	17/05/2021	29:20,8	FAUX
S7:[CPU_IMPORT_EXPORT]IB0:4	Pince en position glissière intermédiaire sur l’axe X.	17/05/2021	29:21,6	VRAI
S7:[CPU_IMPORT_EXPORT]IB0:7	Pince en position haute sur l'axe Z	17/05/2021	29:22,3	FAUX
S7:[CPU_IMPORT_EXPORT]IB1:5	Glissière intermédiaire pleine	17/05/2021	29:23,0	VRAI
S7:[CPU_IMPORT_EXPORT]IB1:0	Pince en position basse sur l'axe Z	17/05/2021	29:23,6	VRAI
S7:[CPU_IMPORT_EXPORT]IB0:0	Pince fermée.	17/05/2021	29:23,8	FAUX
S7:[CPU_IMPORT_EXPORT]IB0:1	Pince ouverte.	17/05/2021	29:23,8	VRAI
S7:[CPU_IMPORT_EXPORT]IB1:0	Pince en position basse sur l'axe Z	17/05/2021	29:24,4	FAUX
S7:[CPU_IMPORT_EXPORT]IB0:7	Pince en position haute sur l'axe Z	17/05/2021	29:25,7	VRAI
S7:[CPU_IMPORT_EXPORT]IB0:4	Pince en position glissière intermédiaire sur l’axe X.	17/05/2021	29:25,9	FAUX
S7:[CPU_IMPORT_EXPORT]IB1:7	butée de la glissière intermédiaire sortie	17/05/2021	29:25,9	FAUX
S7:[CPU_IMPORT_EXPORT]IB2:1	Stoppeur intermédiaire sortie	17/05/2021	29:25,9	FAUX
S7:[CPU_IMPORT_EXPORT]IB2:2	Stoppeur intermédiaire rentrée	17/05/2021	29:25,9	VRAI
S7:[CPU_IMPORT_EXPORT]IB1:5	Glissière intermédiaire pleine	17/05/2021	29:26,4	FAUX
S7:[CPU_IMPORT_EXPORT]IB2:6	Présence d’un 6packs sur la butée de la glissière intermédiaire	17/05/2021	29:26,5	VRAI
S7:[CPU_IMPORT_EXPORT]IB2:6	Présence d’un 6packs sur la butée de la glissière intermédiaire	17/05/2021	29:26,7	FAUX
S7:[CPU_IMPORT_EXPORT]IB0:2	Pince en position convoyeur d’approvisionnement sur l’axe X.	17/05/2021	29:27,0	VRAI
S7:[CPU_IMPORT_EXPORT]IB1:1	présence d'un 6packs au début du convoyeur d'approvisionnement	17/05/2021	29:28,7	VRAI
S7:[CPU_IMPORT_EXPORT]IB1:1	présence d'un 6packs au début du convoyeur d'approvisionnement	17/05/2021	29:29,2	FAUX
S7:[CPU_IMPORT_EXPORT]IB1:2	présence d'un 6packs à la fin du convyeur d'approvisionnement	17/05/2021	29:31,6	VRAI
S7:[CPU_IMPORT_EXPORT]IB0:7	Pince en position haute sur l'axe Z	17/05/2021	29:32,0	FAUX
S7:[CPU_IMPORT_EXPORT]IB1:0	Pince en position basse sur l'axe Z	17/05/2021	29:33,5	VRAI
S7:[CPU_IMPORT_EXPORT]IB0:1	Pince ouverte.	17/05/2021	29:33,6	FAUX
S7:[CPU_IMPORT_EXPORT]IB0:0	Pince fermée.	17/05/2021	29:33,7	VRAI
S7:[CPU_IMPORT_EXPORT]IB1:0	Pince en position basse sur l'axe Z	17/05/2021	29:34,3	FAUX
S7:[CPU_IMPORT_EXPORT]IB1:2	présence d'un 6packs à la fin du convyeur d'approvisionnement	17/05/2021	29:34,4	FAUX
S7:[CPU_IMPORT_EXPORT]IB0:7	Pince en position haute sur l'axe Z	17/05/2021	29:35,6	VRAI
S7:[CPU_IMPORT_EXPORT]IB0:6	Pince en position station import/export sur l’axe Y.	17/05/2021	29:35,8	FAUX
S7:[CPU_IMPORT_EXPORT]IB0:5	Pince en position convoyeur central sur l’axe Y.	17/05/2021	29:36,9	VRAI
S7:[CPU_IMPORT_EXPORT]IB0:7	Pince en position haute sur l'axe Z	17/05/2021	29:37,5	FAUX
S7:[CPU_IMPORT_EXPORT]IB1:0	Pince en position basse sur l'axe Z	17/05/2021	29:38,7	VRAI
S7:[CPU_IMPORT_EXPORT]IB0:0	Pince fermée.	17/05/2021	29:39,0	FAUX
S7:[CPU_IMPORT_EXPORT]IB0:1	Pince ouverte.	17/05/2021	29:39,1	VRAI
S7:[CPU_IMPORT_EXPORT]IB1:0	Pince en position basse sur l'axe Z	17/05/2021	29:39,5	FAUX
S7:[CPU_IMPORT_EXPORT]IB0:7	Pince en position haute sur l'axe Z	17/05/2021	29:40,9	VRAI
S7:[CPU_IMPORT_EXPORT]IB0:5	Pince en position convoyeur central sur l’axe Y.	17/05/2021	29:41,0	FAUX
S7:[CPU_IMPORT_EXPORT]IB0:6	Pince en position station import/export sur l’axe Y.	17/05/2021	29:42,3	VRAI
S7:[CPU_IMPORT_EXPORT]IB0:6	Pince en position station import/export sur l’axe Y.	17/05/2021	29:42,4	FAUX
S7:[CPU_IMPORT_EXPORT]IB0:5	Pince en position convoyeur central sur l’axe Y.	17/05/2021	29:43,4	VRAI
S7:[CPU_IMPORT_EXPORT]IB0:7	Pince en position haute sur l'axe Z	17/05/2021	29:44,1	FAUX
S7:[CPU_IMPORT_EXPORT]IB1:0	Pince en position basse sur l'axe Z	17/05/2021	29:45,5	VRAI
S7:[CPU_IMPORT_EXPORT]IB0:1	Pince ouverte.	17/05/2021	29:45,6	FAUX
S7:[CPU_IMPORT_EXPORT]IB0:0	Pince fermée.	17/05/2021	29:45,7	VRAI
S7:[CPU_IMPORT_EXPORT]IB1:0	Pince en position basse sur l'axe Z	17/05/2021	29:46,3	FAUX
S7:[CPU_IMPORT_EXPORT]IB0:7	Pince en position haute sur l'axe Z	17/05/2021	29:47,6	VRAI
S7:[CPU_IMPORT_EXPORT]IB0:5	Pince en position convoyeur central sur l’axe Y.	17/05/2021	29:47,8	FAUX
S7:[CPU_IMPORT_EXPORT]IB0:6	Pince en position station import/export sur l’axe Y.	17/05/2021	29:48,9	VRAI
S7:[CPU_IMPORT_EXPORT]IB1:7	butée de la glissière intermédiaire sortie	17/05/2021	29:49,1	VRAI
S7:[CPU_IMPORT_EXPORT]IB2:2	Stoppeur intermédiaire rentrée	17/05/2021	29:49,2	FAUX
S7:[CPU_IMPORT_EXPORT]IB2:1	Stoppeur intermédiaire sortie	17/05/2021	29:49,3	VRAI
S7:[CPU_IMPORT_EXPORT]IB0:2	Pince en position convoyeur d’approvisionnement sur l’axe X.	17/05/2021	29:49,5	FAUX
S7:[CPU_IMPORT_EXPORT]IB0:4	Pince en position glissière intermédiaire sur l’axe X.	17/05/2021	29:50,4	VRAI
S7:[CPU_IMPORT_EXPORT]IB0:7	Pince en position haute sur l'axe Z	17/05/2021	29:51,0	FAUX
S7:[CPU_IMPORT_EXPORT]IB1:5	Glissière intermédiaire pleine	17/05/2021	29:51,8	VRAI
S7:[CPU_IMPORT_EXPORT]IB1:0	Pince en position basse sur l'axe Z	17/05/2021	29:52,3	VRAI
S7:[CPU_IMPORT_EXPORT]IB0:0	Pince fermée.	17/05/2021	29:52,5	FAUX
S7:[CPU_IMPORT_EXPORT]IB0:1	Pince ouverte.	17/05/2021	29:52,6	VRAI
S7:[CPU_IMPORT_EXPORT]IB1:0	Pince en position basse sur l'axe Z	17/05/2021	29:53,1	FAUX
S7:[CPU_IMPORT_EXPORT]IB0:7	Pince en position haute sur l'axe Z	17/05/2021	29:54,4	VRAI
S7:[CPU_IMPORT_EXPORT]IB0:4	Pince en position glissière intermédiaire sur l’axe X.	17/05/2021	29:54,5	FAUX
S7:[CPU_IMPORT_EXPORT]IB1:7	butée de la glissière intermédiaire sortie	17/05/2021	29:54,5	FAUX
S7:[CPU_IMPORT_EXPORT]IB2:1	Stoppeur intermédiaire sortie	17/05/2021	29:54,5	FAUX
S7:[CPU_IMPORT_EXPORT]IB1:1	présence d'un 6packs au début du convoyeur d'approvisionnement	17/05/2021	29:54,7	VRAI
S7:[CPU_IMPORT_EXPORT]IB2:2	Stoppeur intermédiaire rentrée	17/05/2021	29:54,7	VRAI
S7:[CPU_IMPORT_EXPORT]IB1:5	Glissière intermédiaire pleine	17/05/2021	29:55,4	FAUX
S7:[CPU_IMPORT_EXPORT]IB2:6	Présence d’un 6packs sur la butée de la glissière intermédiaire	17/05/2021	29:55,4	VRAI
S7:[CPU_IMPORT_EXPORT]IB2:6	Présence d’un 6packs sur la butée de la glissière intermédiaire	17/05/2021	29:55,5	FAUX
S7:[CPU_IMPORT_EXPORT]IB0:2	Pince en position convoyeur d’approvisionnement sur l’axe X.	17/05/2021	29:55,8	VRAI
S7:[CPU_IMPORT_EXPORT]IB1:1	présence d'un 6packs au début du convoyeur d'approvisionnement	17/05/2021	29:56,3	FAUX
S7:[CPU_IMPORT_EXPORT]IB1:2	présence d'un 6packs à la fin du convyeur d'approvisionnement	17/05/2021	29:58,8	VRAI
S7:[CPU_IMPORT_EXPORT]IB0:7	Pince en position haute sur l'axe Z	17/05/2021	29:59,2	FAUX
S7:[CPU_IMPORT_EXPORT]IB1:0	Pince en position basse sur l'axe Z	17/05/2021	30:00,5	VRAI
S7:[CPU_IMPORT_EXPORT]IB0:1	Pince ouverte.	17/05/2021	30:00,7	FAUX
S7:[CPU_IMPORT_EXPORT]IB0:0	Pince fermée.	17/05/2021	30:00,8	VRAI
S7:[CPU_IMPORT_EXPORT]IB1:0	Pince en position basse sur l'axe Z	17/05/2021	30:01,4	FAUX
S7:[CPU_IMPORT_EXPORT]IB1:2	présence d'un 6packs à la fin du convyeur d'approvisionnement	17/05/2021	30:01,6	FAUX
S7:[CPU_IMPORT_EXPORT]IB0:7	Pince en position haute sur l'axe Z	17/05/2021	30:02,7	VRAI
S7:[CPU_IMPORT_EXPORT]IB0:6	Pince en position station import/export sur l’axe Y.	17/05/2021	30:02,9	FAUX
S7:[CPU_IMPORT_EXPORT]IB0:5	Pince en position convoyeur central sur l’axe Y.	17/05/2021	30:03,9	VRAI
S7:[CPU_IMPORT_EXPORT]IB0:7	Pince en position haute sur l'axe Z	17/05/2021	30:04,6	FAUX
S7:[CPU_IMPORT_EXPORT]IB1:0	Pince en position basse sur l'axe Z	17/05/2021	30:06,0	VRAI
S7:[CPU_IMPORT_EXPORT]IB0:0	Pince fermée.	17/05/2021	30:06,2	FAUX
S7:[CPU_IMPORT_EXPORT]IB0:1	Pince ouverte.	17/05/2021	30:06,2	VRAI
S7:[CPU_IMPORT_EXPORT]IB1:0	Pince en position basse sur l'axe Z	17/05/2021	30:06,8	FAUX
S7:[CPU_IMPORT_EXPORT]IB0:7	Pince en position haute sur l'axe Z	17/05/2021	30:08,1	VRAI
S7:[CPU_IMPORT_EXPORT]IB0:5	Pince en position convoyeur central sur l’axe Y.	17/05/2021	30:08,2	FAUX
S7:[CPU_IMPORT_EXPORT]IB0:6	Pince en position station import/export sur l’axe Y.	17/05/2021	30:09,3	VRAI
S7:[CPU_IMPORT_EXPORT]IB0:6	Pince en position station import/export sur l’axe Y.	17/05/2021	30:09,4	FAUX
S7:[CPU_IMPORT_EXPORT]IB0:5	Pince en position convoyeur central sur l’axe Y.	17/05/2021	30:10,7	VRAI
S7:[CPU_IMPORT_EXPORT]IB0:7	Pince en position haute sur l'axe Z	17/05/2021	30:11,2	FAUX
S7:[CPU_IMPORT_EXPORT]IB1:0	Pince en position basse sur l'axe Z	17/05/2021	30:12,5	VRAI
S7:[CPU_IMPORT_EXPORT]IB0:1	Pince ouverte.	17/05/2021	30:12,6	FAUX
S7:[CPU_IMPORT_EXPORT]IB0:0	Pince fermée.	17/05/2021	30:12,7	VRAI
S7:[CPU_IMPORT_EXPORT]IB1:0	Pince en position basse sur l'axe Z	17/05/2021	30:13,2	FAUX
S7:[CPU_IMPORT_EXPORT]IB0:7	Pince en position haute sur l'axe Z	17/05/2021	30:14,7	VRAI
S7:[CPU_IMPORT_EXPORT]IB0:5	Pince en position convoyeur central sur l’axe Y.	17/05/2021	30:14,8	FAUX
S7:[CPU_IMPORT_EXPORT]IB0:6	Pince en position station import/export sur l’axe Y.	17/05/2021	30:15,9	VRAI
S7:[CPU_IMPORT_EXPORT]IB1:7	butée de la glissière intermédiaire sortie	17/05/2021	30:16,2	VRAI
S7:[CPU_IMPORT_EXPORT]IB2:2	Stoppeur intermédiaire rentrée	17/05/2021	30:16,3	FAUX
S7:[CPU_IMPORT_EXPORT]IB2:1	Stoppeur intermédiaire sortie	17/05/2021	30:16,4	VRAI
S7:[CPU_IMPORT_EXPORT]IB0:2	Pince en position convoyeur d’approvisionnement sur l’axe X.	17/05/2021	30:16,6	FAUX
S7:[CPU_IMPORT_EXPORT]IB0:4	Pince en position glissière intermédiaire sur l’axe X.	17/05/2021	30:17,4	VRAI
S7:[CPU_IMPORT_EXPORT]IB0:7	Pince en position haute sur l'axe Z	17/05/2021	30:18,1	FAUX
S7:[CPU_IMPORT_EXPORT]IB1:0	Pince en position basse sur l'axe Z	17/05/2021	30:19,4	VRAI
S7:[CPU_IMPORT_EXPORT]IB0:0	Pince fermée.	17/05/2021	30:19,5	FAUX
S7:[CPU_IMPORT_EXPORT]IB0:1	Pince ouverte.	17/05/2021	30:19,5	VRAI
S7:[CPU_IMPORT_EXPORT]IB1:0	Pince en position basse sur l'axe Z	17/05/2021	30:20,2	FAUX
S7:[CPU_IMPORT_EXPORT]IB0:7	Pince en position haute sur l'axe Z	17/05/2021	30:21,4	VRAI
S7:[CPU_IMPORT_EXPORT]IB0:4	Pince en position glissière intermédiaire sur l’axe X.	17/05/2021	30:21,7	FAUX
S7:[CPU_IMPORT_EXPORT]IB1:7	butée de la glissière intermédiaire sortie	17/05/2021	30:21,7	FAUX
S7:[CPU_IMPORT_EXPORT]IB2:1	Stoppeur intermédiaire sortie	17/05/2021	30:21,7	FAUX
S7:[CPU_IMPORT_EXPORT]IB2:2	Stoppeur intermédiaire rentrée	17/05/2021	30:21,8	VRAI
S7:[CPU_IMPORT_EXPORT]IB0:2	Pince en position convoyeur d’approvisionnement sur l’axe X.	17/05/2021	30:30,9	VRAI
S7:[CPU_IMPORT_EXPORT]IB1:1	présence d'un 6packs au début du convoyeur d'approvisionnement	17/05/2021	30:33,1	VRAI
S7:[CPU_IMPORT_EXPORT]IB1:1	présence d'un 6packs au début du convoyeur d'approvisionnement	17/05/2021	30:33,7	FAUX
S7:[CPU_IMPORT_EXPORT]IB1:2	présence d'un 6packs à la fin du convyeur d'approvisionnement	17/05/2021	30:36,0	VRAI
S7:[CPU_IMPORT_EXPORT]IB0:7	Pince en position haute sur l'axe Z	17/05/2021	30:36,4	FAUX
S7:[CPU_IMPORT_EXPORT]IB1:0	Pince en position basse sur l'axe Z	17/05/2021	30:37,8	VRAI
S7:[CPU_IMPORT_EXPORT]IB0:1	Pince ouverte.	17/05/2021	30:37,9	FAUX
S7:[CPU_IMPORT_EXPORT]IB0:0	Pince fermée.	17/05/2021	30:38,0	VRAI
S7:[CPU_IMPORT_EXPORT]IB1:0	Pince en position basse sur l'axe Z	17/05/2021	30:38,5	FAUX
S7:[CPU_IMPORT_EXPORT]IB1:2	présence d'un 6packs à la fin du convyeur d'approvisionnement	17/05/2021	30:38,8	FAUX
S7:[CPU_IMPORT_EXPORT]IB0:7	Pince en position haute sur l'axe Z	17/05/2021	30:39,9	VRAI
S7:[CPU_IMPORT_EXPORT]IB0:6	Pince en position station import/export sur l’axe Y.	17/05/2021	30:40,0	FAUX
S7:[CPU_IMPORT_EXPORT]IB0:5	Pince en position convoyeur central sur l’axe Y.	17/05/2021	30:41,3	VRAI
S7:[CPU_IMPORT_EXPORT]IB0:7	Pince en position haute sur l'axe Z	17/05/2021	30:41,7	FAUX
S7:[CPU_IMPORT_EXPORT]IB1:0	Pince en position basse sur l'axe Z	17/05/2021	30:43,1	VRAI
S7:[CPU_IMPORT_EXPORT]IB0:0	Pince fermée.	17/05/2021	30:43,2	FAUX
S7:[CPU_IMPORT_EXPORT]IB0:1	Pince ouverte.	17/05/2021	30:43,3	VRAI
S7:[CPU_IMPORT_EXPORT]IB1:0	Pince en position basse sur l'axe Z	17/05/2021	30:43,9	FAUX
S7:[CPU_IMPORT_EXPORT]IB0:7	Pince en position haute sur l'axe Z	17/05/2021	30:45,3	VRAI
S7:[CPU_IMPORT_EXPORT]IB0:5	Pince en position convoyeur central sur l’axe Y.	17/05/2021	30:45,4	FAUX
S7:[CPU_IMPORT_EXPORT]IB0:6	Pince en position station import/export sur l’axe Y.	17/05/2021	30:46,4	VRAI
S7:[CPU_IMPORT_EXPORT]IB0:6	Pince en position station import/export sur l’axe Y.	17/05/2021	30:46,6	FAUX
S7:[CPU_IMPORT_EXPORT]IB0:5	Pince en position convoyeur central sur l’axe Y.	17/05/2021	30:47,7	VRAI
S7:[CPU_IMPORT_EXPORT]IB0:7	Pince en position haute sur l'axe Z	17/05/2021	30:48,4	FAUX
S7:[CPU_IMPORT_EXPORT]IB1:0	Pince en position basse sur l'axe Z	17/05/2021	30:49,8	VRAI
S7:[CPU_IMPORT_EXPORT]IB0:0	Pince fermée.	17/05/2021	30:50,0	VRAI
S7:[CPU_IMPORT_EXPORT]IB0:1	Pince ouverte.	17/05/2021	30:50,0	FAUX
S7:[CPU_IMPORT_EXPORT]IB1:0	Pince en position basse sur l'axe Z	17/05/2021	30:50,6	FAUX
S7:[CPU_IMPORT_EXPORT]IB0:7	Pince en position haute sur l'axe Z	17/05/2021	30:51,8	VRAI
S7:[CPU_IMPORT_EXPORT]IB0:5	Pince en position convoyeur central sur l’axe Y.	17/05/2021	30:51,9	FAUX
S7:[CPU_IMPORT_EXPORT]IB0:6	Pince en position station import/export sur l’axe Y.	17/05/2021	30:53,2	VRAI
S7:[CPU_IMPORT_EXPORT]IB1:7	butée de la glissière intermédiaire sortie	17/05/2021	30:53,3	VRAI
S7:[CPU_IMPORT_EXPORT]IB2:2	Stoppeur intermédiaire rentrée	17/05/2021	30:53,4	FAUX
S7:[CPU_IMPORT_EXPORT]IB2:1	Stoppeur intermédiaire sortie	17/05/2021	30:53,5	VRAI
S7:[CPU_IMPORT_EXPORT]IB0:2	Pince en position convoyeur d’approvisionnement sur l’axe X.	17/05/2021	30:53,7	FAUX
S7:[CPU_IMPORT_EXPORT]IB0:4	Pince en position glissière intermédiaire sur l’axe X.	17/05/2021	30:54,6	VRAI
S7:[CPU_IMPORT_EXPORT]IB0:7	Pince en position haute sur l'axe Z	17/05/2021	30:55,1	FAUX
S7:[CPU_IMPORT_EXPORT]IB1:5	Glissière intermédiaire pleine	17/05/2021	30:56,0	VRAI
S7:[CPU_IMPORT_EXPORT]IB1:0	Pince en position basse sur l'axe Z	17/05/2021	30:56,5	VRAI
S7:[CPU_IMPORT_EXPORT]IB0:0	Pince fermée.	17/05/2021	30:56,6	FAUX
S7:[CPU_IMPORT_EXPORT]IB0:1	Pince ouverte.	17/05/2021	30:56,7	VRAI
S7:[CPU_IMPORT_EXPORT]IB1:0	Pince en position basse sur l'axe Z	17/05/2021	30:57,3	FAUX
S7:[CPU_IMPORT_EXPORT]IB1:1	présence d'un 6packs au début du convoyeur d'approvisionnement	17/05/2021	30:58,7	VRAI
S7:[CPU_IMPORT_EXPORT]IB0:7	Pince en position haute sur l'axe Z	17/05/2021	30:59,1	VRAI
S7:[CPU_IMPORT_EXPORT]IB0:4	Pince en position glissière intermédiaire sur l’axe X.	17/05/2021	30:59,2	FAUX
S7:[CPU_IMPORT_EXPORT]IB1:7	butée de la glissière intermédiaire sortie	17/05/2021	30:59,2	FAUX
S7:[CPU_IMPORT_EXPORT]IB2:1	Stoppeur intermédiaire sortie	17/05/2021	30:59,2	FAUX
S7:[CPU_IMPORT_EXPORT]IB2:2	Stoppeur intermédiaire rentrée	17/05/2021	30:59,3	VRAI
S7:[CPU_IMPORT_EXPORT]IB1:5	Glissière intermédiaire pleine	17/05/2021	30:59,6	FAUX
S7:[CPU_IMPORT_EXPORT]IB2:6	Présence d’un 6packs sur la butée de la glissière intermédiaire	17/05/2021	30:59,6	VRAI
S7:[CPU_IMPORT_EXPORT]IB0:2	Pince en position convoyeur d’approvisionnement sur l’axe X.	17/05/2021	31:00,1	VRAI
S7:[CPU_IMPORT_EXPORT]IB1:1	présence d'un 6packs au début du convoyeur d'approvisionnement	17/05/2021	31:00,5	FAUX
S7:[CPU_IMPORT_EXPORT]IB1:2	présence d'un 6packs à la fin du convyeur d'approvisionnement	17/05/2021	31:03,1	VRAI
S7:[CPU_IMPORT_EXPORT]IB0:7	Pince en position haute sur l'axe Z	17/05/2021	31:03,6	FAUX
S7:[CPU_IMPORT_EXPORT]IB1:0	Pince en position basse sur l'axe Z	17/05/2021	31:04,8	VRAI
S7:[CPU_IMPORT_EXPORT]IB0:1	Pince ouverte.	17/05/2021	31:05,0	FAUX
S7:[CPU_IMPORT_EXPORT]IB0:0	Pince fermée.	17/05/2021	31:05,1	VRAI
S7:[CPU_IMPORT_EXPORT]IB1:0	Pince en position basse sur l'axe Z	17/05/2021	31:05,6	FAUX
S7:[CPU_IMPORT_EXPORT]IB1:2	présence d'un 6packs à la fin du convyeur d'approvisionnement	17/05/2021	31:05,9	FAUX
S7:[CPU_IMPORT_EXPORT]IB0:7	Pince en position haute sur l'axe Z	17/05/2021	31:07,1	VRAI
S7:[CPU_IMPORT_EXPORT]IB0:6	Pince en position station import/export sur l’axe Y.	17/05/2021	31:07,2	FAUX
S7:[CPU_IMPORT_EXPORT]IB0:5	Pince en position convoyeur central sur l’axe Y.	17/05/2021	31:08,3	VRAI
S7:[CPU_IMPORT_EXPORT]IB0:7	Pince en position haute sur l'axe Z	17/05/2021	31:08,9	FAUX
S7:[CPU_IMPORT_EXPORT]IB1:0	Pince en position basse sur l'axe Z	17/05/2021	31:10,2	VRAI
S7:[CPU_IMPORT_EXPORT]IB0:0	Pince fermée.	17/05/2021	31:10,4	FAUX
S7:[CPU_IMPORT_EXPORT]IB0:1	Pince ouverte.	17/05/2021	31:10,5	VRAI
S7:[CPU_IMPORT_EXPORT]IB1:0	Pince en position basse sur l'axe Z	17/05/2021	31:11,1	FAUX
S7:[CPU_IMPORT_EXPORT]IB0:7	Pince en position haute sur l'axe Z	17/05/2021	31:12,4	VRAI
S7:[CPU_IMPORT_EXPORT]IB0:5	Pince en position convoyeur central sur l’axe Y.	17/05/2021	31:12,6	FAUX
S7:[CPU_IMPORT_EXPORT]IB0:6	Pince en position station import/export sur l’axe Y.	17/05/2021	31:13,7	VRAI
S7:[CPU_IMPORT_EXPORT]IB0:6	Pince en position station import/export sur l’axe Y.	17/05/2021	31:13,8	FAUX
S7:[CPU_IMPORT_EXPORT]IB0:5	Pince en position convoyeur central sur l’axe Y.	17/05/2021	31:15,0	VRAI
S7:[CPU_IMPORT_EXPORT]IB0:7	Pince en position haute sur l'axe Z	17/05/2021	31:15,6	FAUX
S7:[CPU_IMPORT_EXPORT]IB1:0	Pince en position basse sur l'axe Z	17/05/2021	31:16,9	VRAI
S7:[CPU_IMPORT_EXPORT]IB0:0	Pince fermée.	17/05/2021	31:17,1	VRAI
S7:[CPU_IMPORT_EXPORT]IB0:1	Pince ouverte.	17/05/2021	31:17,1	FAUX
S7:[CPU_IMPORT_EXPORT]IB1:0	Pince en position basse sur l'axe Z	17/05/2021	31:17,7	FAUX
S7:[CPU_IMPORT_EXPORT]IB0:7	Pince en position haute sur l'axe Z	17/05/2021	31:19,0	VRAI
S7:[CPU_IMPORT_EXPORT]IB0:5	Pince en position convoyeur central sur l’axe Y.	17/05/2021	31:19,1	FAUX
S7:[CPU_IMPORT_EXPORT]IB0:6	Pince en position station import/export sur l’axe Y.	17/05/2021	31:20,2	VRAI
S7:[CPU_IMPORT_EXPORT]IB2:0	butée de la glisssière externe sortie	17/05/2021	31:20,4	VRAI
S7:[CPU_IMPORT_EXPORT]IB0:2	Pince en position convoyeur d’approvisionnement sur l’axe X.	17/05/2021	31:20,7	FAUX
S7:[CPU_IMPORT_EXPORT]IB0:3	Pince en position glissière externe sur l’axe X.	17/05/2021	31:22,6	VRAI
S7:[CPU_IMPORT_EXPORT]IB0:7	Pince en position haute sur l'axe Z	17/05/2021	31:23,2	FAUX
S7:[CPU_IMPORT_EXPORT]IB1:6	Glissière externe pleine	17/05/2021	31:24,0	VRAI
S7:[CPU_IMPORT_EXPORT]IB1:0	Pince en position basse sur l'axe Z	17/05/2021	31:24,5	VRAI
S7:[CPU_IMPORT_EXPORT]IB0:0	Pince fermée.	17/05/2021	31:24,6	FAUX
S7:[CPU_IMPORT_EXPORT]IB0:1	Pince ouverte.	17/05/2021	31:24,7	VRAI
S7:[CPU_IMPORT_EXPORT]IB1:0	Pince en position basse sur l'axe Z	17/05/2021	31:25,2	FAUX
S7:[CPU_IMPORT_EXPORT]IB0:7	Pince en position haute sur l'axe Z	17/05/2021	31:26,6	VRAI
S7:[CPU_IMPORT_EXPORT]IB0:3	Pince en position glissière externe sur l’axe X.	17/05/2021	31:26,7	FAUX
S7:[CPU_IMPORT_EXPORT]IB2:0	butée de la glisssière externe sortie	17/05/2021	31:26,7	FAUX
S7:[CPU_IMPORT_EXPORT]IB1:6	Glissière externe pleine	17/05/2021	31:27,2	FAUX
S7:[CPU_IMPORT_EXPORT]IB2:7	Présence d’un 6packs sur la butée de la glissière externe.	17/05/2021	31:27,5	VRAI
S7:[CPU_IMPORT_EXPORT]IB1:1	présence d'un 6packs au début du convoyeur d'approvisionnement	17/05/2021	31:27,6	VRAI
S7:[CPU_IMPORT_EXPORT]IB2:7	Présence d’un 6packs sur la butée de la glissière externe.	17/05/2021	31:27,9	FAUX
S7:[CPU_IMPORT_EXPORT]IB0:2	Pince en position convoyeur d’approvisionnement sur l’axe X.	17/05/2021	31:28,7	VRAI
S7:[CPU_IMPORT_EXPORT]IB1:1	présence d'un 6packs au début du convoyeur d'approvisionnement	17/05/2021	31:29,1	FAUX
S7:[CPU_IMPORT_EXPORT]IB1:2	présence d'un 6packs à la fin du convyeur d'approvisionnement	17/05/2021	31:31,7	VRAI
S7:[CPU_IMPORT_EXPORT]IB0:7	Pince en position haute sur l'axe Z	17/05/2021	31:32,1	FAUX
S7:[CPU_IMPORT_EXPORT]IB1:0	Pince en position basse sur l'axe Z	17/05/2021	31:33,5	VRAI
S7:[CPU_IMPORT_EXPORT]IB0:1	Pince ouverte.	17/05/2021	31:33,6	FAUX
S7:[CPU_IMPORT_EXPORT]IB0:0	Pince fermée.	17/05/2021	31:33,7	VRAI
S7:[CPU_IMPORT_EXPORT]IB1:0	Pince en position basse sur l'axe Z	17/05/2021	31:34,3	FAUX
S7:[CPU_IMPORT_EXPORT]IB1:2	présence d'un 6packs à la fin du convyeur d'approvisionnement	17/05/2021	31:34,4	FAUX
S7:[CPU_IMPORT_EXPORT]IB0:7	Pince en position haute sur l'axe Z	17/05/2021	31:35,7	VRAI
S7:[CPU_IMPORT_EXPORT]IB0:6	Pince en position station import/export sur l’axe Y.	17/05/2021	31:35,8	FAUX
S7:[CPU_IMPORT_EXPORT]IB0:5	Pince en position convoyeur central sur l’axe Y.	17/05/2021	31:36,8	VRAI
S7:[CPU_IMPORT_EXPORT]IB0:7	Pince en position haute sur l'axe Z	17/05/2021	31:37,4	FAUX
S7:[CPU_IMPORT_EXPORT]IB1:0	Pince en position basse sur l'axe Z	17/05/2021	31:38,9	VRAI
S7:[CPU_IMPORT_EXPORT]IB0:0	Pince fermée.	17/05/2021	31:39,0	FAUX
S7:[CPU_IMPORT_EXPORT]IB0:1	Pince ouverte.	17/05/2021	31:39,1	VRAI
S7:[CPU_IMPORT_EXPORT]IB1:0	Pince en position basse sur l'axe Z	17/05/2021	31:39,7	FAUX
S7:[CPU_IMPORT_EXPORT]IB0:7	Pince en position haute sur l'axe Z	17/05/2021	31:41,1	VRAI
S7:[CPU_IMPORT_EXPORT]IB0:5	Pince en position convoyeur central sur l’axe Y.	17/05/2021	31:41,2	FAUX
S7:[CPU_IMPORT_EXPORT]IB0:6	Pince en position station import/export sur l’axe Y.	17/05/2021	31:42,3	VRAI
S7:[CPU_IMPORT_EXPORT]IB0:6	Pince en position station import/export sur l’axe Y.	17/05/2021	31:42,4	FAUX
S7:[CPU_IMPORT_EXPORT]IB0:5	Pince en position convoyeur central sur l’axe Y.	17/05/2021	31:43,7	VRAI
S7:[CPU_IMPORT_EXPORT]IB0:7	Pince en position haute sur l'axe Z	17/05/2021	31:44,1	FAUX
S7:[CPU_IMPORT_EXPORT]IB1:0	Pince en position basse sur l'axe Z	17/05/2021	31:45,5	VRAI
S7:[CPU_IMPORT_EXPORT]IB0:1	Pince ouverte.	17/05/2021	31:45,6	FAUX
S7:[CPU_IMPORT_EXPORT]IB0:0	Pince fermée.	17/05/2021	31:45,7	VRAI
S7:[CPU_IMPORT_EXPORT]IB1:0	Pince en position basse sur l'axe Z	17/05/2021	31:46,2	FAUX
S7:[CPU_IMPORT_EXPORT]IB0:7	Pince en position haute sur l'axe Z	17/05/2021	31:47,7	VRAI
S7:[CPU_IMPORT_EXPORT]IB0:5	Pince en position convoyeur central sur l’axe Y.	17/05/2021	31:47,8	FAUX
S7:[CPU_IMPORT_EXPORT]IB0:6	Pince en position station import/export sur l’axe Y.	17/05/2021	31:48,9	VRAI
S7:[CPU_IMPORT_EXPORT]IB2:0	butée de la glisssière externe sortie	17/05/2021	31:49,2	VRAI
S7:[CPU_IMPORT_EXPORT]IB0:2	Pince en position convoyeur d’approvisionnement sur l’axe X.	17/05/2021	31:49,3	FAUX
S7:[CPU_IMPORT_EXPORT]IB0:3	Pince en position glissière externe sur l’axe X.	17/05/2021	31:51,2	VRAI
S7:[CPU_IMPORT_EXPORT]IB0:7	Pince en position haute sur l'axe Z	17/05/2021	31:51,8	FAUX
S7:[CPU_IMPORT_EXPORT]IB1:6	Glissière externe pleine	17/05/2021	31:52,6	VRAI
S7:[CPU_IMPORT_EXPORT]IB1:0	Pince en position basse sur l'axe Z	17/05/2021	31:53,2	VRAI
S7:[CPU_IMPORT_EXPORT]IB0:0	Pince fermée.	17/05/2021	31:53,4	FAUX
S7:[CPU_IMPORT_EXPORT]IB0:1	Pince ouverte.	17/05/2021	31:53,4	VRAI
S7:[CPU_IMPORT_EXPORT]IB1:0	Pince en position basse sur l'axe Z	17/05/2021	31:53,8	FAUX
S7:[CPU_IMPORT_EXPORT]IB0:7	Pince en position haute sur l'axe Z	17/05/2021	31:55,2	VRAI
S7:[CPU_IMPORT_EXPORT]IB0:3	Pince en position glissière externe sur l’axe X.	17/05/2021	31:55,3	FAUX
S7:[CPU_IMPORT_EXPORT]IB2:0	butée de la glisssière externe sortie	17/05/2021	31:55,3	FAUX
S7:[CPU_IMPORT_EXPORT]IB1:6	Glissière externe pleine	17/05/2021	31:55,9	FAUX
S7:[CPU_IMPORT_EXPORT]IB2:7	Présence d’un 6packs sur la butée de la glissière externe.	17/05/2021	31:56,0	VRAI
S7:[CPU_IMPORT_EXPORT]IB2:7	Présence d’un 6packs sur la butée de la glissière externe.	17/05/2021	31:56,2	FAUX
S7:[CPU_IMPORT_EXPORT]IB0:2	Pince en position convoyeur d’approvisionnement sur l’axe X.	17/05/2021	31:57,4	VRAI
S7:[CPU_IMPORT_EXPORT]IB1:1	présence d'un 6packs au début du convoyeur d'approvisionnement	17/05/2021	31:57,9	VRAI
S7:[CPU_IMPORT_EXPORT]IB1:1	présence d'un 6packs au début du convoyeur d'approvisionnement	17/05/2021	31:58,4	FAUX
S7:[CPU_IMPORT_EXPORT]IB1:2	présence d'un 6packs à la fin du convyeur d'approvisionnement	17/05/2021	32:00,6	VRAI
S7:[CPU_IMPORT_EXPORT]IB0:7	Pince en position haute sur l'axe Z	17/05/2021	32:01,3	FAUX
S7:[CPU_IMPORT_EXPORT]IB1:0	Pince en position basse sur l'axe Z	17/05/2021	32:02,5	VRAI
S7:[CPU_IMPORT_EXPORT]IB0:1	Pince ouverte.	17/05/2021	32:02,7	FAUX
S7:[CPU_IMPORT_EXPORT]IB0:0	Pince fermée.	17/05/2021	32:02,8	VRAI
S7:[CPU_IMPORT_EXPORT]IB1:0	Pince en position basse sur l'axe Z	17/05/2021	32:03,3	FAUX
S7:[CPU_IMPORT_EXPORT]IB1:2	présence d'un 6packs à la fin du convyeur d'approvisionnement	17/05/2021	32:03,4	FAUX
S7:[CPU_IMPORT_EXPORT]IB0:7	Pince en position haute sur l'axe Z	17/05/2021	32:04,6	VRAI
S7:[CPU_IMPORT_EXPORT]IB0:6	Pince en position station import/export sur l’axe Y.	17/05/2021	32:04,7	FAUX
S7:[CPU_IMPORT_EXPORT]IB0:5	Pince en position convoyeur central sur l’axe Y.	17/05/2021	32:06,0	VRAI
S7:[CPU_IMPORT_EXPORT]IB0:7	Pince en position haute sur l'axe Z	17/05/2021	32:06,5	FAUX
S7:[CPU_IMPORT_EXPORT]IB1:0	Pince en position basse sur l'axe Z	17/05/2021	32:07,8	VRAI
S7:[CPU_IMPORT_EXPORT]IB0:0	Pince fermée.	17/05/2021	32:07,9	FAUX
S7:[CPU_IMPORT_EXPORT]IB0:1	Pince ouverte.	17/05/2021	32:08,0	VRAI
S7:[CPU_IMPORT_EXPORT]IB1:0	Pince en position basse sur l'axe Z	17/05/2021	32:08,6	FAUX
S7:[CPU_IMPORT_EXPORT]IB0:7	Pince en position haute sur l'axe Z	17/05/2021	32:10,0	VRAI
S7:[CPU_IMPORT_EXPORT]IB0:5	Pince en position convoyeur central sur l’axe Y.	17/05/2021	32:10,1	FAUX
S7:[CPU_IMPORT_EXPORT]IB0:6	Pince en position station import/export sur l’axe Y.	17/05/2021	32:11,2	VRAI
S7:[CPU_IMPORT_EXPORT]IB0:6	Pince en position station import/export sur l’axe Y.	17/05/2021	32:11,4	FAUX
S7:[CPU_IMPORT_EXPORT]IB0:5	Pince en position convoyeur central sur l’axe Y.	17/05/2021	32:12,4	VRAI
S7:[CPU_IMPORT_EXPORT]IB0:7	Pince en position haute sur l'axe Z	17/05/2021	32:13,1	FAUX
S7:[CPU_IMPORT_EXPORT]IB1:0	Pince en position basse sur l'axe Z	17/05/2021	32:14,5	VRAI
S7:[CPU_IMPORT_EXPORT]IB0:1	Pince ouverte.	17/05/2021	32:14,6	FAUX
S7:[CPU_IMPORT_EXPORT]IB0:0	Pince fermée.	17/05/2021	32:14,7	VRAI
S7:[CPU_IMPORT_EXPORT]IB1:0	Pince en position basse sur l'axe Z	17/05/2021	32:15,3	FAUX
S7:[CPU_IMPORT_EXPORT]IB0:7	Pince en position haute sur l'axe Z	17/05/2021	32:16,7	VRAI
S7:[CPU_IMPORT_EXPORT]IB0:5	Pince en position convoyeur central sur l’axe Y.	17/05/2021	32:16,8	FAUX
S7:[CPU_IMPORT_EXPORT]IB0:6	Pince en position station import/export sur l’axe Y.	17/05/2021	32:17,9	VRAI
S7:[CPU_IMPORT_EXPORT]IB2:0	butée de la glisssière externe sortie	17/05/2021	32:18,1	VRAI
S7:[CPU_IMPORT_EXPORT]IB0:2	Pince en position convoyeur d’approvisionnement sur l’axe X.	17/05/2021	32:18,2	FAUX
S7:[CPU_IMPORT_EXPORT]IB0:3	Pince en position glissière externe sur l’axe X.	17/05/2021	32:20,2	VRAI
S7:[CPU_IMPORT_EXPORT]IB0:7	Pince en position haute sur l'axe Z	17/05/2021	32:20,8	FAUX
S7:[CPU_IMPORT_EXPORT]IB1:6	Glissière externe pleine	17/05/2021	32:21,6	VRAI
S7:[CPU_IMPORT_EXPORT]IB1:0	Pince en position basse sur l'axe Z	17/05/2021	32:22,1	VRAI
S7:[CPU_IMPORT_EXPORT]IB0:0	Pince fermée.	17/05/2021	32:22,2	FAUX
S7:[CPU_IMPORT_EXPORT]IB0:1	Pince ouverte.	17/05/2021	32:22,4	VRAI
S7:[CPU_IMPORT_EXPORT]IB1:0	Pince en position basse sur l'axe Z	17/05/2021	32:22,9	FAUX
S7:[CPU_IMPORT_EXPORT]IB0:7	Pince en position haute sur l'axe Z	17/05/2021	32:24,2	VRAI
S7:[CPU_IMPORT_EXPORT]IB0:3	Pince en position glissière externe sur l’axe X.	17/05/2021	32:24,3	FAUX
S7:[CPU_IMPORT_EXPORT]IB2:0	butée de la glisssière externe sortie	17/05/2021	32:24,3	FAUX
S7:[CPU_IMPORT_EXPORT]IB1:6	Glissière externe pleine	17/05/2021	32:24,9	FAUX
S7:[CPU_IMPORT_EXPORT]IB2:7	Présence d’un 6packs sur la butée de la glissière externe.	17/05/2021	32:25,0	VRAI
S7:[CPU_IMPORT_EXPORT]IB2:7	Présence d’un 6packs sur la butée de la glissière externe.	17/05/2021	32:25,3	FAUX
S7:[CPU_IMPORT_EXPORT]IB0:2	Pince en position convoyeur d’approvisionnement sur l’axe X.	17/05/2021	32:26,3	VRAI
S7:[CPU_IMPORT_EXPORT]IB1:1	présence d'un 6packs au début du convoyeur d'approvisionnement	17/05/2021	32:27,7	VRAI
S7:[CPU_IMPORT_EXPORT]IB1:1	présence d'un 6packs au début du convoyeur d'approvisionnement	17/05/2021	32:28,3	FAUX
S7:[CPU_IMPORT_EXPORT]IB1:2	présence d'un 6packs à la fin du convyeur d'approvisionnement	17/05/2021	32:30,6	VRAI
S7:[CPU_IMPORT_EXPORT]IB0:7	Pince en position haute sur l'axe Z	17/05/2021	32:31,2	FAUX
S7:[CPU_IMPORT_EXPORT]IB1:0	Pince en position basse sur l'axe Z	17/05/2021	32:32,4	VRAI
S7:[CPU_IMPORT_EXPORT]IB0:1	Pince ouverte.	17/05/2021	32:32,5	FAUX
S7:[CPU_IMPORT_EXPORT]IB0:0	Pince fermée.	17/05/2021	32:32,7	VRAI
S7:[CPU_IMPORT_EXPORT]IB1:0	Pince en position basse sur l'axe Z	17/05/2021	32:33,2	FAUX
S7:[CPU_IMPORT_EXPORT]IB1:2	présence d'un 6packs à la fin du convyeur d'approvisionnement	17/05/2021	32:33,4	FAUX
S7:[CPU_IMPORT_EXPORT]IB0:7	Pince en position haute sur l'axe Z	17/05/2021	32:34,5	VRAI
S7:[CPU_IMPORT_EXPORT]IB0:6	Pince en position station import/export sur l’axe Y.	17/05/2021	32:34,6	FAUX
S7:[CPU_IMPORT_EXPORT]IB0:5	Pince en position convoyeur central sur l’axe Y.	17/05/2021	32:35,9	VRAI
S7:[CPU_IMPORT_EXPORT]IB0:7	Pince en position haute sur l'axe Z	17/05/2021	32:36,3	FAUX
S7:[CPU_IMPORT_EXPORT]IB1:0	Pince en position basse sur l'axe Z	17/05/2021	32:37,7	VRAI
S7:[CPU_IMPORT_EXPORT]IB0:0	Pince fermée.	17/05/2021	32:37,8	FAUX
S7:[CPU_IMPORT_EXPORT]IB0:1	Pince ouverte.	17/05/2021	32:37,9	VRAI
S7:[CPU_IMPORT_EXPORT]IB1:0	Pince en position basse sur l'axe Z	17/05/2021	32:38,4	FAUX
S7:[CPU_IMPORT_EXPORT]IB0:7	Pince en position haute sur l'axe Z	17/05/2021	32:39,9	VRAI
S7:[CPU_IMPORT_EXPORT]IB0:5	Pince en position convoyeur central sur l’axe Y.	17/05/2021	32:40,0	FAUX
S7:[CPU_IMPORT_EXPORT]IB0:6	Pince en position station import/export sur l’axe Y.	17/05/2021	32:41,1	VRAI
S7:[CPU_IMPORT_EXPORT]IB0:6	Pince en position station import/export sur l’axe Y.	17/05/2021	32:41,2	FAUX
S7:[CPU_IMPORT_EXPORT]IB0:5	Pince en position convoyeur central sur l’axe Y.	17/05/2021	32:42,4	VRAI
S7:[CPU_IMPORT_EXPORT]IB0:7	Pince en position haute sur l'axe Z	17/05/2021	32:43,0	FAUX
S7:[CPU_IMPORT_EXPORT]IB1:0	Pince en position basse sur l'axe Z	17/05/2021	32:44,4	VRAI
S7:[CPU_IMPORT_EXPORT]IB0:0	Pince fermée.	17/05/2021	32:44,6	VRAI
S7:[CPU_IMPORT_EXPORT]IB0:1	Pince ouverte.	17/05/2021	32:44,6	FAUX
S7:[CPU_IMPORT_EXPORT]IB1:0	Pince en position basse sur l'axe Z	17/05/2021	32:45,0	FAUX
S7:[CPU_IMPORT_EXPORT]IB0:7	Pince en position haute sur l'axe Z	17/05/2021	32:46,4	VRAI
S7:[CPU_IMPORT_EXPORT]IB0:5	Pince en position convoyeur central sur l’axe Y.	17/05/2021	32:46,5	FAUX
S7:[CPU_IMPORT_EXPORT]IB0:6	Pince en position station import/export sur l’axe Y.	17/05/2021	32:47,8	VRAI
S7:[CPU_IMPORT_EXPORT]IB2:0	butée de la glisssière externe sortie	17/05/2021	32:47,9	VRAI
S7:[CPU_IMPORT_EXPORT]IB0:2	Pince en position convoyeur d’approvisionnement sur l’axe X.	17/05/2021	32:48,0	FAUX
S7:[CPU_IMPORT_EXPORT]IB0:3	Pince en position glissière externe sur l’axe X.	17/05/2021	32:50,1	VRAI
S7:[CPU_IMPORT_EXPORT]IB0:7	Pince en position haute sur l'axe Z	17/05/2021	32:50,6	FAUX
S7:[CPU_IMPORT_EXPORT]IB1:6	Glissière externe pleine	17/05/2021	32:51,5	VRAI
S7:[CPU_IMPORT_EXPORT]IB1:0	Pince en position basse sur l'axe Z	17/05/2021	32:51,9	VRAI
S7:[CPU_IMPORT_EXPORT]IB0:0	Pince fermée.	17/05/2021	32:52,0	FAUX
S7:[CPU_IMPORT_EXPORT]IB0:1	Pince ouverte.	17/05/2021	32:52,2	VRAI
S7:[CPU_IMPORT_EXPORT]IB1:0	Pince en position basse sur l'axe Z	17/05/2021	32:52,7	FAUX
S7:[CPU_IMPORT_EXPORT]IB0:7	Pince en position haute sur l'axe Z	17/05/2021	32:54,0	VRAI
S7:[CPU_IMPORT_EXPORT]IB0:3	Pince en position glissière externe sur l’axe X.	17/05/2021	32:54,1	FAUX
S7:[CPU_IMPORT_EXPORT]IB2:0	butée de la glisssière externe sortie	17/05/2021	32:54,1	FAUX
S7:[CPU_IMPORT_EXPORT]IB1:6	Glissière externe pleine	17/05/2021	32:54,6	FAUX
S7:[CPU_IMPORT_EXPORT]IB2:7	Présence d’un 6packs sur la butée de la glissière externe.	17/05/2021	32:54,8	VRAI
S7:[CPU_IMPORT_EXPORT]IB2:7	Présence d’un 6packs sur la butée de la glissière externe.	17/05/2021	32:55,0	FAUX
S7:[CPU_IMPORT_EXPORT]IB1:1	présence d'un 6packs au début du convoyeur d'approvisionnement	17/05/2021	32:56,1	VRAI
S7:[CPU_IMPORT_EXPORT]IB0:2	Pince en position convoyeur d’approvisionnement sur l’axe X.	17/05/2021	32:56,4	VRAI
S7:[CPU_IMPORT_EXPORT]IB1:1	présence d'un 6packs au début du convoyeur d'approvisionnement	17/05/2021	32:56,7	FAUX
S7:[CPU_IMPORT_EXPORT]IB1:2	présence d'un 6packs à la fin du convyeur d'approvisionnement	17/05/2021	32:59,0	VRAI
S7:[CPU_IMPORT_EXPORT]IB0:7	Pince en position haute sur l'axe Z	17/05/2021	32:59,7	FAUX
S7:[CPU_IMPORT_EXPORT]IB1:0	Pince en position basse sur l'axe Z	17/05/2021	33:00,9	VRAI
S7:[CPU_IMPORT_EXPORT]IB0:1	Pince ouverte.	17/05/2021	33:01,0	FAUX
S7:[CPU_IMPORT_EXPORT]IB0:0	Pince fermée.	17/05/2021	33:01,1	VRAI
S7:[CPU_IMPORT_EXPORT]IB1:0	Pince en position basse sur l'axe Z	17/05/2021	33:01,7	FAUX
S7:[CPU_IMPORT_EXPORT]IB1:2	présence d'un 6packs à la fin du convyeur d'approvisionnement	17/05/2021	33:01,8	FAUX
S7:[CPU_IMPORT_EXPORT]IB0:7	Pince en position haute sur l'axe Z	17/05/2021	33:03,1	VRAI
S7:[CPU_IMPORT_EXPORT]IB0:6	Pince en position station import/export sur l’axe Y.	17/05/2021	33:03,2	FAUX
S7:[CPU_IMPORT_EXPORT]IB0:5	Pince en position convoyeur central sur l’axe Y.	17/05/2021	33:04,3	VRAI
S7:[CPU_IMPORT_EXPORT]IB0:7	Pince en position haute sur l'axe Z	17/05/2021	33:04,9	FAUX
S7:[CPU_IMPORT_EXPORT]IB1:0	Pince en position basse sur l'axe Z	17/05/2021	33:06,2	VRAI
S7:[CPU_IMPORT_EXPORT]IB0:0	Pince fermée.	17/05/2021	33:06,4	FAUX
S7:[CPU_IMPORT_EXPORT]IB0:1	Pince ouverte.	17/05/2021	33:06,5	VRAI
S7:[CPU_IMPORT_EXPORT]IB1:0	Pince en position basse sur l'axe Z	17/05/2021	33:07,1	FAUX
S7:[CPU_IMPORT_EXPORT]IB0:7	Pince en position haute sur l'axe Z	17/05/2021	33:08,3	VRAI
S7:[CPU_IMPORT_EXPORT]IB0:5	Pince en position convoyeur central sur l’axe Y.	17/05/2021	33:08,6	FAUX
S7:[CPU_IMPORT_EXPORT]IB0:6	Pince en position station import/export sur l’axe Y.	17/05/2021	33:09,7	VRAI
S7:[CPU_IMPORT_EXPORT]IB0:6	Pince en position station import/export sur l’axe Y.	17/05/2021	33:09,8	FAUX
S7:[CPU_IMPORT_EXPORT]IB0:5	Pince en position convoyeur central sur l’axe Y.	17/05/2021	33:11,0	VRAI
S7:[CPU_IMPORT_EXPORT]IB0:7	Pince en position haute sur l'axe Z	17/05/2021	33:11,6	FAUX
S7:[CPU_IMPORT_EXPORT]IB1:0	Pince en position basse sur l'axe Z	17/05/2021	33:12,9	VRAI
S7:[CPU_IMPORT_EXPORT]IB0:1	Pince ouverte.	17/05/2021	33:13,0	FAUX
S7:[CPU_IMPORT_EXPORT]IB0:0	Pince fermée.	17/05/2021	33:13,1	VRAI
S7:[CPU_IMPORT_EXPORT]IB1:0	Pince en position basse sur l'axe Z	17/05/2021	33:13,6	FAUX
S7:[CPU_IMPORT_EXPORT]IB0:7	Pince en position haute sur l'axe Z	17/05/2021	33:15,0	VRAI
S7:[CPU_IMPORT_EXPORT]IB0:5	Pince en position convoyeur central sur l’axe Y.	17/05/2021	33:15,2	FAUX
S7:[CPU_IMPORT_EXPORT]IB0:6	Pince en position station import/export sur l’axe Y.	17/05/2021	33:16,2	VRAI
S7:[CPU_IMPORT_EXPORT]IB2:0	butée de la glisssière externe sortie	17/05/2021	33:16,5	VRAI
S7:[CPU_IMPORT_EXPORT]IB0:2	Pince en position convoyeur d’approvisionnement sur l’axe X.	17/05/2021	33:16,7	FAUX
S7:[CPU_IMPORT_EXPORT]IB0:3	Pince en position glissière externe sur l’axe X.	17/05/2021	33:18,6	VRAI
S7:[CPU_IMPORT_EXPORT]IB0:7	Pince en position haute sur l'axe Z	17/05/2021	33:19,2	FAUX
S7:[CPU_IMPORT_EXPORT]IB1:6	Glissière externe pleine	17/05/2021	33:20,0	VRAI
S7:[CPU_IMPORT_EXPORT]IB1:0	Pince en position basse sur l'axe Z	17/05/2021	33:20,5	VRAI
S7:[CPU_IMPORT_EXPORT]IB0:0	Pince fermée.	17/05/2021	33:20,8	FAUX
S7:[CPU_IMPORT_EXPORT]IB0:1	Pince ouverte.	17/05/2021	33:20,8	VRAI
S7:[CPU_IMPORT_EXPORT]IB1:0	Pince en position basse sur l'axe Z	17/05/2021	33:21,2	FAUX
S7:[CPU_IMPORT_EXPORT]IB0:7	Pince en position haute sur l'axe Z	17/05/2021	33:22,6	VRAI
S7:[CPU_IMPORT_EXPORT]IB0:3	Pince en position glissière externe sur l’axe X.	17/05/2021	33:22,7	FAUX
S7:[CPU_IMPORT_EXPORT]IB2:0	butée de la glisssière externe sortie	17/05/2021	33:22,7	FAUX
S7:[CPU_IMPORT_EXPORT]IB1:6	Glissière externe pleine	17/05/2021	33:23,3	FAUX
S7:[CPU_IMPORT_EXPORT]IB2:7	Présence d’un 6packs sur la butée de la glissière externe.	17/05/2021	33:23,4	VRAI
S7:[CPU_IMPORT_EXPORT]IB0:2	Pince en position convoyeur d’approvisionnement sur l’axe X.	17/05/2021	33:24,8	VRAI
S7:[CPU_IMPORT_EXPORT]IB1:1	présence d'un 6packs au début du convoyeur d'approvisionnement	17/05/2021	33:25,3	VRAI
S7:[CPU_IMPORT_EXPORT]IB1:1	présence d'un 6packs au début du convoyeur d'approvisionnement	17/05/2021	33:25,8	FAUX
S7:[CPU_IMPORT_EXPORT]IB1:2	présence d'un 6packs à la fin du convyeur d'approvisionnement	17/05/2021	33:28,0	VRAI
S7:[CPU_IMPORT_EXPORT]IB0:7	Pince en position haute sur l'axe Z	17/05/2021	33:28,6	FAUX
S7:[CPU_IMPORT_EXPORT]IB1:0	Pince en position basse sur l'axe Z	17/05/2021	33:30,0	VRAI
S7:[CPU_IMPORT_EXPORT]IB0:1	Pince ouverte.	17/05/2021	33:30,1	FAUX
S7:[CPU_IMPORT_EXPORT]IB0:0	Pince fermée.	17/05/2021	33:30,2	VRAI
S7:[CPU_IMPORT_EXPORT]IB1:0	Pince en position basse sur l'axe Z	17/05/2021	33:30,8	FAUX
S7:[CPU_IMPORT_EXPORT]IB1:2	présence d'un 6packs à la fin du convyeur d'approvisionnement	17/05/2021	33:30,9	FAUX
S7:[CPU_IMPORT_EXPORT]IB0:7	Pince en position haute sur l'axe Z	17/05/2021	33:32,2	VRAI
S7:[CPU_IMPORT_EXPORT]IB0:6	Pince en position station import/export sur l’axe Y.	17/05/2021	33:32,3	FAUX
S7:[CPU_IMPORT_EXPORT]IB0:5	Pince en position convoyeur central sur l’axe Y.	17/05/2021	33:33,3	VRAI
S7:[CPU_IMPORT_EXPORT]IB0:7	Pince en position haute sur l'axe Z	17/05/2021	33:33,9	FAUX
S7:[CPU_IMPORT_EXPORT]IB1:0	Pince en position basse sur l'axe Z	17/05/2021	33:35,4	VRAI
S7:[CPU_IMPORT_EXPORT]IB0:0	Pince fermée.	17/05/2021	33:35,5	FAUX
S7:[CPU_IMPORT_EXPORT]IB0:1	Pince ouverte.	17/05/2021	33:35,6	VRAI
S7:[CPU_IMPORT_EXPORT]IB1:0	Pince en position basse sur l'axe Z	17/05/2021	33:36,2	FAUX
S7:[CPU_IMPORT_EXPORT]IB0:7	Pince en position haute sur l'axe Z	17/05/2021	33:37,6	VRAI
S7:[CPU_IMPORT_EXPORT]IB0:5	Pince en position convoyeur central sur l’axe Y.	17/05/2021	33:37,7	FAUX
S7:[CPU_IMPORT_EXPORT]IB0:6	Pince en position station import/export sur l’axe Y.	17/05/2021	33:38,8	VRAI
S7:[CPU_IMPORT_EXPORT]IB0:6	Pince en position station import/export sur l’axe Y.	17/05/2021	33:38,9	FAUX
S7:[CPU_IMPORT_EXPORT]IB0:5	Pince en position convoyeur central sur l’axe Y.	17/05/2021	33:40,2	VRAI
S7:[CPU_IMPORT_EXPORT]IB0:7	Pince en position haute sur l'axe Z	17/05/2021	33:40,6	FAUX
S7:[CPU_IMPORT_EXPORT]IB1:0	Pince en position basse sur l'axe Z	17/05/2021	33:42,0	VRAI
S7:[CPU_IMPORT_EXPORT]IB0:1	Pince ouverte.	17/05/2021	33:42,1	FAUX
S7:[CPU_IMPORT_EXPORT]IB0:0	Pince fermée.	17/05/2021	33:42,2	VRAI
S7:[CPU_IMPORT_EXPORT]IB1:0	Pince en position basse sur l'axe Z	17/05/2021	33:42,8	FAUX
S7:[CPU_IMPORT_EXPORT]IB0:7	Pince en position haute sur l'axe Z	17/05/2021	33:44,2	VRAI
S7:[CPU_IMPORT_EXPORT]IB0:5	Pince en position convoyeur central sur l’axe Y.	17/05/2021	33:44,3	FAUX
S7:[CPU_IMPORT_EXPORT]IB0:6	Pince en position station import/export sur l’axe Y.	17/05/2021	33:45,5	VRAI