Temps,A1B2,A1B4,P1S,P1VP2,P1VP4,P2E,P4E,S1_P1S,S1_P1VP2,S1_P1VP4,S1_P2E,S1_P4E,1,2,3,4,5,6
[datetime.datetime(2021; 04; 16; 12; 04; 22; 000001)],0,0,0,1,1,1,1,0,0,0,0,0,0.0,,,,,
[datetime.datetime(2021; 04; 16; 12; 04; 22; 000002)],0,0,0,1,1,1,1,0,0,0,0,0,1,,,,,
[datetime.datetime(2021; 04; 16; 12; 04; 23; 000003)],1,0,0,1,1,1,1,0,0,0,0,0,2,,,,,
[datetime.datetime(2021; 04; 16; 12; 04; 23; 000004)],1,0,0,1,1,1,1,0,0,0,0,0,3,,,,,
[datetime.datetime(2021; 04; 16; 12; 04; 23; 000005)],1,0,1,1,1,1,1,0,0,0,0,0,4,,,,,
[datetime.datetime(2021; 04; 16; 12; 04; 23; 000006)],0,0,1,1,1,1,1,0,0,0,0,0,5,,,,,
[datetime.datetime(2021; 04; 16; 12; 04; 23; 000007)],0,0,1,1,1,1,1,0,0,0,0,0,6,,,,,
[datetime.datetime(2021; 04; 16; 12; 04; 23; 000008)],0,0,1,1,1,1,1,0,0,0,0,0,7,,,,,
[datetime.datetime(2021; 04; 16; 12; 04; 23; 000009)],0,0,1,1,1,1,1,0,0,0,0,0,8,,,,,
[datetime.datetime(2021; 04; 16; 12; 04; 23; 000010)],0,0,1,1,1,1,1,0,0,0,0,0,9,,,,,
[datetime.datetime(2021; 04; 16; 12; 04; 23; 000011)],0,0,1,1,1,1,1,0,0,0,0,0,10,,,,,
[datetime.datetime(2021; 04; 16; 12; 04; 24; 000012)],0,0,1,1,1,1,1,0,0,0,0,0,11,,,,,
[datetime.datetime(2021; 04; 16; 12; 04; 24; 000013)],0,0,1,0,1,1,1,0,0,0,0,0,12,,,,,
[datetime.datetime(2021; 04; 16; 12; 04; 24; 000014)],0,0,1,1,1,1,1,0,0,0,0,0,13,,,,,
[datetime.datetime(2021; 04; 16; 12; 04; 24; 000015)],0,0,1,1,1,1,1,0,0,0,0,0,14,,,,,
[datetime.datetime(2021; 04; 16; 12; 04; 24; 000016)],0,0,1,1,1,1,1,0,0,0,0,0,15,,,,,
[datetime.datetime(2021; 04; 16; 12; 04; 24; 000017)],0,0,1,1,1,1,1,0,0,0,0,0,16,,,,,
[datetime.datetime(2021; 04; 16; 12; 04; 24; 000018)],0,0,1,1,1,1,1,0,0,0,0,0,17,,,,,
[datetime.datetime(2021; 04; 16; 12; 04; 24; 000019)],0,0,1,1,1,0,1,0,0,0,0,0,18,,,,,
[datetime.datetime(2021; 04; 16; 12; 04; 24; 000020)],0,0,1,1,1,0,1,0,0,0,0,0,19,,,,,
[datetime.datetime(2021; 04; 16; 12; 04; 25; 000021)],0,0,1,1,1,1,1,0,0,0,0,0,20,,,,,
[datetime.datetime(2021; 04; 16; 12; 04; 25; 000022)],0,0,1,1,1,1,1,0,0,0,0,0,21,,,,,
[datetime.datetime(2021; 04; 16; 12; 04; 25; 000023)],0,0,1,1,1,1,1,0,0,0,0,0,22,,,,,
[datetime.datetime(2021; 04; 16; 12; 04; 25; 000024)],0,0,0,1,1,1,1,0,0,0,0,0,23,,,,,
[datetime.datetime(2021; 04; 16; 12; 04; 25; 000025)],0,0,0,1,1,1,1,0,0,0,0,0,24,,,,,
[datetime.datetime(2021; 04; 16; 12; 04; 25; 000026)],0,0,0,1,1,1,1,0,0,0,0,0,25,,,,,
[datetime.datetime(2021; 04; 16; 12; 04; 25; 000027)],1,0,0,1,1,1,1,0,0,0,0,0,26,,,,,
[datetime.datetime(2021; 04; 16; 12; 04; 25; 000028)],1,0,1,1,1,1,1,0,0,0,0,0,27,,,,,
[datetime.datetime(2021; 04; 16; 12; 04; 25; 000029)],0,0,1,1,1,1,1,0,0,0,0,0,28,,,,,
[datetime.datetime(2021; 04; 16; 12; 04; 25; 000030)],0,0,1,1,1,1,1,0,0,0,0,0,29,,,,,
[datetime.datetime(2021; 04; 16; 12; 04; 26; 000031)],0,0,1,1,1,1,1,0,0,0,0,0,30,,,,,
[datetime.datetime(2021; 04; 16; 12; 04; 26; 000032)],0,0,1,1,1,1,1,0,0,0,0,0,31,,,,,
[datetime.datetime(2021; 04; 16; 12; 04; 26; 000033)],0,0,1,1,1,1,1,0,0,0,0,0,32,,,,,
[datetime.datetime(2021; 04; 16; 12; 04; 26; 000034)],0,0,1,1,1,1,1,0,0,0,0,0,33,,,,,
[datetime.datetime(2021; 04; 16; 12; 04; 26; 000035)],0,0,1,1,1,1,1,0,0,0,0,0,34,,,,,
[datetime.datetime(2021; 04; 16; 12; 04; 26; 000036)],0,0,1,1,1,1,1,0,0,0,0,0,5,,,,,
[datetime.datetime(2021; 04; 16; 12; 04; 26; 000037)],0,0,1,1,1,1,1,0,0,0,0,0,36,,,,,
[datetime.datetime(2021; 04; 16; 12; 04; 26; 000038)],0,0,1,0,1,1,1,0,0,0,0,0,37,,,,,
[datetime.datetime(2021; 04; 16; 12; 04; 26; 000039)],0,0,1,1,1,1,1,0,0,0,0,0,38,,,,,
[datetime.datetime(2021; 04; 16; 12; 04; 27; 000040)],0,0,1,1,1,1,1,0,0,0,0,0,39,,,,,
[datetime.datetime(2021; 04; 16; 12; 04; 27; 000041)],0,0,1,1,1,1,1,0,0,0,0,0,40,,,,,
[datetime.datetime(2021; 04; 16; 12; 04; 27; 000042)],0,0,1,1,1,1,1,0,0,0,0,0,41,,,,,
[datetime.datetime(2021; 04; 16; 12; 04; 27; 000043)],0,0,1,1,1,1,1,0,0,0,0,0,42,,,,,
[datetime.datetime(2021; 04; 16; 12; 04; 27; 000044)],0,0,1,1,1,1,1,0,0,0,0,0,43,,,,,
[datetime.datetime(2021; 04; 16; 12; 04; 27; 000045)],0,0,1,1,1,0,1,0,0,0,0,0,44,,,,,
[datetime.datetime(2021; 04; 16; 12; 04; 27; 000046)],0,0,1,1,1,0,1,0,0,0,0,0,45,,,,,
[datetime.datetime(2021; 04; 16; 12; 04; 27; 000047)],0,0,1,1,1,1,1,0,0,0,0,0,46,,,,,
[datetime.datetime(2021; 04; 16; 12; 04; 27; 000048)],0,0,1,1,1,1,1,0,0,0,0,0,47,,,,,
[datetime.datetime(2021; 04; 16; 12; 04; 28; 000049)],0,0,1,1,1,1,1,0,0,0,0,0,48,,,,,
[datetime.datetime(2021; 04; 16; 12; 04; 28; 000050)],0,0,0,1,1,1,1,0,0,0,0,0,49,,,,,
[datetime.datetime(2021; 04; 16; 12; 04; 28; 000051)],0,0,0,1,1,1,1,0,0,0,0,0,50,,,,,
[datetime.datetime(2021; 04; 16; 12; 04; 28; 000052)],0,0,0,1,1,1,1,0,0,0,0,0,51,,,,,
[datetime.datetime(2021; 04; 16; 12; 04; 28; 000053)],1,0,0,1,1,1,1,0,0,0,0,0,52,,,,,
[datetime.datetime(2021; 04; 16; 12; 04; 28; 000054)],1,0,0,1,1,1,1,0,0,0,0,0,53,,,,,
[datetime.datetime(2021; 04; 16; 12; 04; 28; 000055)],1,0,0,1,1,1,1,0,0,0,0,0,54,,,,,
[datetime.datetime(2021; 04; 16; 12; 04; 28; 000056)],1,0,1,1,1,1,1,0,0,0,0,0,55,,,,,
[datetime.datetime(2021; 04; 16; 12; 04; 28; 000057)],0,0,1,1,1,1,1,0,0,0,0,0,56,,,,,
[datetime.datetime(2021; 04; 16; 12; 04; 29; 000058)],0,0,1,1,1,1,1,0,0,0,0,0,57,,,,,
[datetime.datetime(2021; 04; 16; 12; 04; 29; 000059)],0,0,1,1,1,1,1,0,0,0,0,0,58,,,,,
[datetime.datetime(2021; 04; 16; 12; 04; 29; 000060)],0,0,1,1,1,1,1,0,0,0,0,0,59,,,,,
[datetime.datetime(2021; 04; 16; 12; 04; 29; 000061)],0,0,1,1,1,1,1,0,0,0,0,0,60,,,,,
[datetime.datetime(2021; 04; 16; 12; 04; 29; 000062)],0,0,1,1,1,1,1,0,0,0,0,0,61,,,,,
[datetime.datetime(2021; 04; 16; 12; 05; 22; 000063)],0,0,1,1,1,1,1,0,0,0,0,0,62,,,,,
[datetime.datetime(2021; 04; 16; 12; 05; 22; 000064)],0,0,1,0,1,1,1,0,0,0,0,0,63,,,,,
[datetime.datetime(2021; 04; 16; 12; 05; 22; 000065)],0,0,1,1,1,1,1,0,0,0,0,0,64,,,,,
[datetime.datetime(2021; 04; 16; 12; 05; 22; 000066)],0,0,1,1,1,1,1,0,0,0,0,0,65,,,,,
[datetime.datetime(2021; 04; 16; 12; 05; 23; 000067)],0,0,1,1,1,1,1,0,0,0,0,0,66,,,,,
[datetime.datetime(2021; 04; 16; 12; 05; 23; 000068)],0,0,1,1,1,1,1,0,0,0,0,0,67,,,,,
[datetime.datetime(2021; 04; 16; 12; 05; 23; 000069)],0,0,1,1,1,1,1,0,0,0,0,0,68,,,,,
[datetime.datetime(2021; 04; 16; 12; 05; 23; 000070)],0,0,1,1,1,0,1,0,0,0,0,0,69,,,,,
[datetime.datetime(2021; 04; 16; 12; 05; 23; 000071)],0,0,1,1,1,0,1,0,0,0,0,0,70,,,,,
[datetime.datetime(2021; 04; 16; 12; 05; 23; 000072)],0,0,1,1,1,1,1,0,0,0,0,0,71,,,,,
[datetime.datetime(2021; 04; 16; 12; 05; 23; 000073)],0,0,1,1,1,1,1,0,0,0,0,0,72,,,,,
[datetime.datetime(2021; 04; 16; 12; 05; 23; 000074)],0,0,1,1,1,1,1,0,0,0,0,0,73,,,,,
[datetime.datetime(2021; 04; 16; 12; 05; 23; 000075)],0,0,0,1,1,1,1,0,0,0,0,0,74,,,,,
[datetime.datetime(2021; 04; 16; 12; 05; 24; 000076)],0,0,0,1,1,1,1,0,0,0,0,0,75,,,,,
[datetime.datetime(2021; 04; 16; 12; 05; 24; 000077)],0,0,0,1,1,1,1,0,0,0,0,0,,,,,,
[datetime.datetime(2021; 04; 16; 12; 05; 24; 000078)],1,0,0,1,1,1,1,0,0,0,0,0,,,,,,
[datetime.datetime(2021; 04; 16; 12; 05; 24; 000079)],1,0,0,1,1,1,1,0,0,0,0,0,,,,,,
[datetime.datetime(2021; 04; 16; 12; 05; 24; 000080)],1,0,1,1,1,1,1,0,0,0,0,0,,,,,,
[datetime.datetime(2021; 04; 16; 12; 05; 24; 000081)],0,0,1,1,1,1,1,0,0,0,0,0,,,,,,
[datetime.datetime(2021; 04; 16; 12; 05; 24; 000082)],0,0,1,1,1,1,1,0,0,0,0,0,,,,,,
[datetime.datetime(2021; 04; 16; 12; 05; 24; 000083)],0,0,1,1,1,1,1,0,0,0,0,0,,,,,,
[datetime.datetime(2021; 04; 16; 12; 05; 24; 000084)],0,0,1,1,1,1,1,0,0,0,0,0,,,,,,
[datetime.datetime(2021; 04; 16; 12; 05; 25; 000085)],0,0,1,1,1,1,1,0,0,0,0,0,,,,,,
[datetime.datetime(2021; 04; 16; 12; 05; 25; 000086)],0,0,1,1,1,1,1,0,0,0,0,0,,,,,,
[datetime.datetime(2021; 04; 16; 12; 05; 25; 000087)],0,0,1,1,1,1,1,0,0,0,0,0,,,,,,
[datetime.datetime(2021; 04; 16; 12; 05; 25; 000088)],0,0,1,1,1,1,1,0,0,0,0,0,,,,,,
[datetime.datetime(2021; 04; 16; 12; 05; 25; 000089)],0,0,1,1,1,1,1,0,0,0,0,0,,,,,,
[datetime.datetime(2021; 04; 16; 12; 05; 25; 000090)],0,0,1,0,1,1,1,0,0,0,0,0,,,,,,
[datetime.datetime(2021; 04; 16; 12; 05; 25; 000091)],0,0,1,1,1,1,1,0,0,0,0,0,,,,,,
[datetime.datetime(2021; 04; 16; 12; 05; 25; 000092)],0,0,1,1,1,1,1,0,0,0,0,0,,,,,,
[datetime.datetime(2021; 04; 16; 12; 05; 25; 000093)],0,0,1,1,1,1,1,0,0,0,0,0,,,,,,
[datetime.datetime(2021; 04; 16; 12; 05; 26; 000094)],0,0,1,1,1,1,1,0,0,0,0,0,,,,,,
[datetime.datetime(2021; 04; 16; 12; 05; 26; 000095)],0,0,1,1,1,1,1,0,0,0,0,0,,,,,,
[datetime.datetime(2021; 04; 16; 12; 05; 26; 000096)],0,0,1,1,1,0,1,0,0,0,0,0,,,,,,
[datetime.datetime(2021; 04; 16; 12; 05; 26; 000097)],0,0,1,1,1,0,1,0,0,0,0,0,,,,,,
[datetime.datetime(2021; 04; 16; 12; 05; 26; 00098)],,0,0,1,1,1,1,1,0,0,0,0,0,,,,,,
[datetime.datetime(2021; 04; 16; 12; 05; 26; 00099)],,0,0,1,1,1,1,1,0,0,0,0,0,,,,,,
[datetime.datetime(2021; 04; 16; 12; 05; 26; 000100)],0,0,1,1,1,1,1,0,0,0,0,0,,,,,,
[datetime.datetime(2021; 04; 16; 12; 05; 26; 000101)],0,0,0,1,1,1,1,0,0,0,0,0,,,,,,
[datetime.datetime(2021; 04; 16; 12; 05; 26; 000102)],0,0,0,1,1,1,1,0,0,0,0,0,,,,,,
[datetime.datetime(2021; 04; 16; 12; 05; 26; 000103)],0,0,0,1,1,1,1,0,0,0,0,0,,,,,,
[datetime.datetime(2021; 04; 16; 12; 05; 27; 000104)],0,1,0,1,1,1,1,0,0,0,0,0,,,,,,
[datetime.datetime(2021; 04; 16; 12; 05; 27; 000105)],0,1,0,1,1,1,1,0,0,0,0,0,,,,,,
[datetime.datetime(2021; 04; 16; 12; 05; 27; 000106)],0,1,1,1,1,1,1,0,0,0,0,0,,,,,,
[datetime.datetime(2021; 04; 16; 12; 05; 27; 000107)],0,0,1,1,1,1,1,0,0,0,0,0,,,,,,
[datetime.datetime(2021; 04; 16; 12; 05; 27; 000108)],0,0,1,1,1,1,1,0,0,0,0,0,,,,,,
[datetime.datetime(2021; 04; 16; 12; 05; 27; 000109)],0,0,1,1,1,1,1,0,0,0,0,0,,,,,,
[datetime.datetime(2021; 04; 16; 12; 05; 27; 000110)],0,0,1,1,1,1,1,0,0,0,0,0,,,,,,
[datetime.datetime(2021; 04; 16; 12; 05; 27; 000111)],0,0,1,1,1,1,1,0,0,0,0,0,,,,,,
[datetime.datetime(2021; 04; 16; 12; 05; 27; 000112)],0,0,1,1,1,1,1,0,0,0,0,0,,,,,,
[datetime.datetime(2021; 04; 16; 12; 05; 28; 000113)],0,0,1,1,1,1,1,0,0,0,0,0,,,,,,
[datetime.datetime(2021; 04; 16; 12; 05; 28; 000114)],0,0,1,1,1,1,1,0,0,0,0,0,,,,,,
[datetime.datetime(2021; 04; 16; 12; 05; 28; 000115)],0,0,1,1,1,1,1,0,0,0,0,0,,,,,,
[datetime.datetime(2021; 04; 16; 12; 05; 28; 000116)],0,0,1,1,1,1,1,0,0,0,0,0,,,,,,
[datetime.datetime(2021; 04; 16; 12; 05; 28; 000117)],0,0,1,1,0,1,1,0,0,0,0,0,,,,,,
[datetime.datetime(2021; 04; 16; 12; 05; 28; 000118)],0,0,1,1,1,1,1,0,0,0,0,0,,,,,,
[datetime.datetime(2021; 04; 16; 12; 05; 28; 000119)],0,0,1,1,1,1,1,0,0,0,0,0,,,,,,
[datetime.datetime(2021; 04; 16; 12; 05; 28; 000120)],0,0,1,1,1,1,1,0,0,0,0,0,,,,,,
[datetime.datetime(2021; 04; 16; 12; 05; 28; 000121)],0,0,1,1,1,1,1,0,0,0,0,0,,,,,,
[datetime.datetime(2021; 04; 16; 12; 05; 29; 000122)],0,0,1,1,1,1,1,0,0,0,0,0,,,,,,
[datetime.datetime(2021; 04; 16; 12; 05; 29; 000123)],0,0,1,1,1,1,1,0,0,0,0,0,,,,,,
[datetime.datetime(2021; 04; 16; 12; 05; 29; 000124)],0,0,1,1,1,1,0,0,0,0,0,0,,,,,,
[datetime.datetime(2021; 04; 16; 12; 05; 29; 000125)],0,0,1,1,1,1,0,0,0,0,0,0,,,,,,
[datetime.datetime(2021; 04; 16; 12; 05; 29; 000126)],0,0,1,1,1,1,1,0,0,0,0,0,,,,,,
[datetime.datetime(2021; 04; 16; 12; 05; 29; 000127)],0,0,0,1,1,1,1,0,0,0,0,0,,,,,,
[datetime.datetime(2021; 04; 16; 12; 05; 29; 000128)],0,1,0,1,1,1,1,0,0,0,0,0,,,,,,
[datetime.datetime(2021; 04; 16; 12; 05; 29; 000129)],0,1,1,1,1,1,1,0,0,0,0,0,,,,,,
[datetime.datetime(2021; 04; 16; 12; 05; 29; 000130)],0,0,1,1,1,1,1,0,0,0,0,0,,,,,,
[datetime.datetime(2021; 04; 16; 12; 05; 30; 000131)],0,0,1,1,1,1,1,0,0,0,0,0,,,,,,
[datetime.datetime(2021; 04; 16; 12; 05; 30; 000132)],0,0,1,1,1,1,1,0,0,0,0,0,,,,,,
[datetime.datetime(2021; 04; 16; 12; 05; 30; 000133)],0,0,1,1,1,1,1,0,0,0,0,0,,,,,,
[datetime.datetime(2021; 04; 16; 12; 05; 30; 000134)],0,0,1,1,1,1,1,0,0,0,0,0,,,,,,
[datetime.datetime(2021; 04; 16; 12; 05; 30; 000135)],0,0,1,1,1,1,1,0,0,0,0,0,,,,,,
[datetime.datetime(2021; 04; 16; 12; 05; 30; 000136)],0,0,1,1,1,1,1,0,0,0,0,0,,,,,,
[datetime.datetime(2021; 04; 16; 12; 05; 30; 000137)],0,0,1,1,1,1,1,0,0,0,0,0,,,,,,
[datetime.datetime(2021; 04; 16; 12; 05; 30; 000138)],0,0,1,1,1,1,1,0,0,0,0,0,,,,,,
[datetime.datetime(2021; 04; 16; 12; 05; 30; 000139)],0,0,1,1,1,1,1,0,0,0,0,0,,,,,,
[datetime.datetime(2021; 04; 16; 12; 05; 30; 000140)],0,0,1,1,0,1,1,0,0,0,0,0,,,,,,
[datetime.datetime(2021; 04; 16; 12; 05; 31; 000141)],0,0,1,1,1,1,1,0,0,0,0,0,,,,,,
[datetime.datetime(2021; 04; 16; 12; 05; 31; 000142)],0,0,1,1,1,1,1,0,0,0,0,0,,,,,,
[datetime.datetime(2021; 04; 16; 12; 05; 31; 000143)],0,0,1,1,1,1,1,0,0,0,0,0,,,,,,
[datetime.datetime(2021; 04; 16; 12; 05; 31; 000144)],0,0,1,1,1,1,1,0,0,0,0,0,,,,,,
[datetime.datetime(2021; 04; 16; 12; 05; 31; 000145)],0,0,1,1,1,1,1,0,0,0,0,0,,,,,,
[datetime.datetime(2021; 04; 16; 12; 05; 31; 000146)],0,0,1,1,1,1,1,0,0,0,0,0,,,,,,
[datetime.datetime(2021; 04; 16; 12; 05; 31; 000147)],0,0,1,1,1,1,1,0,0,0,0,0,,,,,,
[datetime.datetime(2021; 04; 16; 12; 05; 31; 000148)],0,0,1,1,1,1,1,0,0,0,0,0,,,,,,
[datetime.datetime(2021; 04; 16; 12; 05; 31; 000149)],0,0,1,1,1,1,0,0,0,0,0,0,,,,,,
[datetime.datetime(2021; 04; 16; 12; 05; 32; 000150)],0,0,1,1,1,1,0,0,0,0,0,0,,,,,,
[datetime.datetime(2021; 04; 16; 12; 05; 32; 000151)],0,0,1,1,1,1,1,0,0,0,0,0,,,,,,
[datetime.datetime(2021; 04; 16; 12; 05; 32; 000152)],0,0,0,1,1,1,1,0,0,0,0,0,,,,,,
[datetime.datetime(2021; 04; 16; 12; 05; 32; 000153)],0,1,0,1,1,1,1,0,0,0,0,0,,,,,,
[datetime.datetime(2021; 04; 16; 12; 05; 32; 000154)],0,1,0,1,1,1,1,0,0,0,0,0,,,,,,
[datetime.datetime(2021; 04; 16; 12; 05; 32; 000155)],0,1,0,1,1,1,1,0,0,0,0,0,,,,,,
[datetime.datetime(2021; 04; 16; 12; 05; 32; 000156)],0,1,1,1,1,1,1,0,0,0,0,0,,,,,,
[datetime.datetime(2021; 04; 16; 12; 05; 32; 000157)],0,0,1,1,1,1,1,0,0,0,0,0,,,,,,
[datetime.datetime(2021; 04; 16; 12; 05; 32; 000158)],0,0,1,1,1,1,1,0,0,0,0,0,,,,,,
[datetime.datetime(2021; 04; 16; 12; 05; 33; 000159)],0,0,1,1,1,1,1,0,0,0,0,0,,,,,,
[datetime.datetime(2021; 04; 16; 12; 05; 33; 000160)],0,0,1,1,1,1,1,0,0,0,0,0,,,,,,
[datetime.datetime(2021; 04; 16; 12; 05; 33; 000161)],0,0,1,1,1,1,1,0,0,0,0,0,,,,,,
[datetime.datetime(2021; 04; 16; 12; 05; 33; 000162)],0,0,1,1,1,1,1,0,0,0,0,0,,,,,,
[datetime.datetime(2021; 04; 16; 12; 05; 33; 000163)],0,0,1,1,1,1,1,0,0,0,0,0,,,,,,
[datetime.datetime(2021; 04; 16; 12; 05; 33; 000164)],0,0,1,1,1,1,1,0,0,0,0,0,,,,,,
[datetime.datetime(2021; 04; 16; 12; 05; 33; 000165)],0,0,1,1,1,1,1,0,0,0,0,0,,,,,,
[datetime.datetime(2021; 04; 16; 12; 05; 33; 000166)],0,0,1,1,1,1,1,0,0,0,0,0,,,,,,
[datetime.datetime(2021; 04; 16; 12; 05; 33; 000167)],0,0,1,1,0,1,1,0,0,0,0,0,,,,,,
[datetime.datetime(2021; 04; 16; 12; 05; 34; 000168)],0,0,1,1,1,1,1,0,0,0,0,0,,,,,,
[datetime.datetime(2021; 04; 16; 12; 05; 34; 000169)],0,0,1,1,1,1,1,0,0,0,0,0,,,,,,
[datetime.datetime(2021; 04; 16; 12; 05; 34; 000170)],0,0,1,1,1,1,1,0,0,0,0,0,,,,,,
[datetime.datetime(2021; 04; 16; 12; 05; 34; 000171)],0,0,1,1,1,1,1,0,0,0,0,0,,,,,,
[datetime.datetime(2021; 04; 16; 12; 05; 34; 000172)],0,0,1,1,1,1,1,0,0,0,0,0,,,,,,
[datetime.datetime(2021; 04; 16; 12; 05; 34; 000173)],0,0,1,1,1,1,1,0,0,0,0,0,,,,,,
[datetime.datetime(2021; 04; 16; 12; 05; 34; 000174)],0,0,1,1,1,1,0,0,0,0,0,0,,,,,,
[datetime.datetime(2021; 04; 16; 12; 05; 34; 000175)],0,0,1,1,1,1,0,0,0,0,0,0,,,,,,
[datetime.datetime(2021; 04; 16; 12; 05; 34; 000176)],0,0,1,1,1,1,1,0,0,0,0,0,,,,,,
[datetime.datetime(2021; 04; 16; 12; 05; 34; 000177)],0,0,0,1,1,1,1,0,0,0,0,0,,,,,,
[datetime.datetime(2021; 04; 16; 12; 05; 35; 000178)],0,1,0,1,1,1,1,0,0,0,0,0,,,,,,
[datetime.datetime(2021; 04; 16; 12; 05; 35; 000179)],0,1,0,1,1,1,1,0,0,0,0,0,,,,,,
[datetime.datetime(2021; 04; 16; 12; 05; 35; 000180)],0,1,1,1,1,1,1,0,0,0,0,0,,,,,,
[datetime.datetime(2021; 04; 16; 12; 05; 35; 000181)],0,0,1,1,1,1,1,0,0,0,0,0,,,,,,
[datetime.datetime(2021; 04; 16; 12; 05; 35; 000182)],0,0,1,1,1,1,1,0,0,0,0,0,,,,,,
[datetime.datetime(2021; 04; 16; 12; 05; 35; 000183)],0,0,1,1,1,1,1,0,0,0,0,0,,,,,,
[datetime.datetime(2021; 04; 16; 12; 05; 35; 000184)],0,0,1,1,1,1,1,0,0,0,0,0,,,,,,
[datetime.datetime(2021; 04; 16; 12; 05; 35; 000185)],0,0,1,1,1,1,1,0,0,0,0,0,,,,,,
[datetime.datetime(2021; 04; 16; 12; 05; 35; 000186)],0,0,1,1,1,1,1,0,0,0,0,0,,,,,,
[datetime.datetime(2021; 04; 16; 12; 05; 36; 000187)],0,0,1,1,1,1,1,0,0,0,0,0,,,,,,
[datetime.datetime(2021; 04; 16; 12; 05; 36; 000188)],0,0,1,1,1,1,1,0,0,0,0,0,,,,,,
[datetime.datetime(2021; 04; 16; 12; 05; 36; 000189)],0,0,1,1,1,1,1,0,0,0,0,0,,,,,,
[datetime.datetime(2021; 04; 16; 12; 05; 36; 000190)],0,0,1,1,1,1,1,0,0,0,0,0,,,,,,
[datetime.datetime(2021; 04; 16; 12; 05; 36; 000191)],0,0,1,1,0,1,1,0,0,0,0,0,,,,,,
[datetime.datetime(2021; 04; 16; 12; 05; 36; 000192)],0,0,1,1,1,1,1,0,0,0,0,0,,,,,,
[datetime.datetime(2021; 04; 16; 12; 05; 36; 000193)],0,0,1,1,1,1,1,0,0,0,0,0,,,,,,
[datetime.datetime(2021; 04; 16; 12; 05; 36; 000194)],0,0,1,1,1,1,1,0,0,0,0,0,,,,,,
[datetime.datetime(2021; 04; 16; 12; 05; 36; 000195)],0,0,1,1,1,1,1,0,0,0,0,0,,,,,,
[datetime.datetime(2021; 04; 16; 12; 05; 37; 000196)],0,0,1,1,1,1,1,0,0,0,0,0,,,,,,
[datetime.datetime(2021; 04; 16; 12; 05; 37; 000197)],0,0,1,1,1,1,1,0,0,0,0,0,,,,,,
[datetime.datetime(2021; 04; 16; 12; 05; 37; 000198)],0,0,1,1,1,1,1,0,0,0,0,0,,,,,,
[datetime.datetime(2021; 04; 16; 12; 05; 37; 000199)],0,0,1,1,1,1,1,0,0,0,0,0,,,,,,
[datetime.datetime(2021; 04; 16; 12; 05; 37; 000200)],0,0,1,1,1,1,0,0,0,0,0,0,,,,,,
[datetime.datetime(2021; 04; 16; 12; 05; 37; 000201)],0,0,1,1,1,1,0,0,0,0,0,0,,,,,,
[datetime.datetime(2021; 04; 16; 12; 05; 37; 000202)],0,0,1,1,1,1,1,0,0,0,0,0,,,,,,
[datetime.datetime(2021; 04; 16; 12; 05; 37; 000203)],0,0,0,1,1,1,1,0,0,0,0,0,,,,,,
[datetime.datetime(2021; 04; 16; 12; 05; 37; 000204)],0,0,0,1,1,1,1,0,0,0,0,0,,,,,,
[datetime.datetime(2021; 04; 16; 12; 05; 38; 000205)],0,0,0,1,1,1,1,0,0,0,0,0,,,,,,
[datetime.datetime(2021; 04; 16; 12; 05; 38; 000206)],1,0,0,1,1,1,1,0,0,0,0,0,,,,,,
[datetime.datetime(2021; 04; 16; 12; 05; 38; 000207)],1,0,0,1,1,1,1,0,0,0,0,0,,,,,,
[datetime.datetime(2021; 04; 16; 12; 05; 38; 000208)],1,0,0,1,1,1,1,0,0,0,0,0,collage à 0 de P1S,,,,,
[datetime.datetime(2021; 04; 16; 12; 05; 38; 000209)],0,0,0,1,1,1,1,1,0,0,0,0,,,,,,
[datetime.datetime(2021; 04; 16; 12; 05; 38; 000210)],0,0,0,1,1,1,1,1,0,0,0,0,,,,,,
[datetime.datetime(2021; 04; 16; 12; 05; 38; 000211)],0,0,0,1,1,1,1,1,0,0,0,0,,,,,,
[datetime.datetime(2021; 04; 16; 12; 05; 38; 000212)],0,0,0,1,1,1,1,1,0,0,0,0,,,,,,
[datetime.datetime(2021; 04; 16; 12; 05; 38; 000213)],0,0,0,1,1,1,1,1,0,0,0,0,,,,,,
[datetime.datetime(2021; 04; 16; 12; 05; 39; 000214)],0,0,0,1,1,1,1,1,0,0,0,0,,,,,,
[datetime.datetime(2021; 04; 16; 12; 05; 39; 000215)],0,0,0,1,1,1,1,1,0,0,0,0,,,,,,
[datetime.datetime(2021; 04; 16; 12; 05; 39; 000216)],0,0,0,0,1,1,1,1,0,0,0,0,,,,,,
[datetime.datetime(2021; 04; 16; 12; 05; 39; 000217)],0,0,0,1,1,1,1,1,0,0,0,0,,,,,,
[datetime.datetime(2021; 04; 16; 12; 05; 39; 000218)],0,0,0,1,1,1,1,1,0,0,0,0,,,,,,
[datetime.datetime(2021; 04; 16; 12; 05; 39; 000219)],0,0,0,1,1,1,1,1,0,0,0,0,,,,,,
[datetime.datetime(2021; 04; 16; 12; 05; 39; 000220)],0,0,0,1,1,1,1,1,0,0,0,0,,,,,,
[datetime.datetime(2021; 04; 16; 12; 05; 39; 000221)],0,0,0,1,1,1,1,1,0,0,0,0,,,,,,
[datetime.datetime(2021; 04; 16; 12; 05; 39; 000222)],0,0,0,1,1,0,1,1,0,0,0,0,,,,,,
[datetime.datetime(2021; 04; 16; 12; 05; 39; 000223)],0,0,0,1,1,0,1,1,0,0,0,0,,,,,,
[datetime.datetime(2021; 04; 16; 12; 05; 40; 000224)],0,0,0,1,1,1,1,1,0,0,0,0,,,,,,
[datetime.datetime(2021; 04; 16; 12; 05; 40; 000225)],0,0,0,1,1,1,1,0,0,0,0,0,remise de symptome à 0,,,,,
[datetime.datetime(2021; 04; 16; 12; 05; 40; 000226)],0,0,0,1,1,1,1,0,0,0,0,0,,,,,,
[datetime.datetime(2021; 04; 16; 12; 05; 40; 000227)],0,0,0,1,1,1,1,0,0,0,0,0,,,,,,
[datetime.datetime(2021; 04; 16; 12; 05; 40; 000228)],0,0,0,1,1,1,1,0,0,0,0,0,,,,,,
[datetime.datetime(2021; 04; 16; 12; 05; 40; 000229)],0,0,0,1,1,1,1,0,0,0,0,0,,,,,,
[datetime.datetime(2021; 04; 16; 12; 05; 40; 000230)],1,0,0,1,1,1,1,0,0,0,0,0,,,,,,
[datetime.datetime(2021; 04; 16; 12; 05; 40; 000231)],1,0,1,1,1,1,1,0,0,0,0,0,,,,,,
[datetime.datetime(2021; 04; 16; 12; 05; 40; 000232)],0,0,1,1,1,1,1,0,0,0,0,0,,,,,,
[datetime.datetime(2021; 04; 16; 12; 05; 41; 000233)],0,0,1,1,1,1,1,0,0,0,0,0,,,,,,
[datetime.datetime(2021; 04; 16; 12; 05; 41; 000234)],0,0,1,1,1,1,1,0,0,0,0,0,,,,,,
[datetime.datetime(2021; 04; 16; 12; 05; 41; 000235)],0,0,1,1,1,1,1,0,0,0,0,0,,,,,,
[datetime.datetime(2021; 04; 16; 12; 05; 41; 000236)],0,0,1,1,1,1,1,0,0,0,0,0,,,,,,
[datetime.datetime(2021; 04; 16; 12; 05; 41; 000237)],0,0,1,1,1,1,1,0,0,0,0,0,,,,,,
[datetime.datetime(2021; 04; 16; 12; 05; 41; 000238)],0,0,1,1,1,1,1,0,0,0,0,0,,,,,,
[datetime.datetime(2021; 04; 16; 12; 05; 41; 000239)],0,0,1,1,1,1,1,0,0,0,0,0,,,,,,
[datetime.datetime(2021; 04; 16; 12; 05; 41; 000240)],0,0,1,1,1,1,1,0,0,0,0,0,,,,,,
[datetime.datetime(2021; 04; 16; 12; 05; 41; 000241)],0,0,1,0,1,1,1,0,0,0,0,0,,,,,,
[datetime.datetime(2021; 04; 16; 12; 05; 42; 000242)],0,0,1,1,1,1,1,0,0,0,0,0,,,,,,
[datetime.datetime(2021; 04; 16; 12; 05; 42; 000243)],0,0,1,1,1,1,1,0,0,0,0,0,,,,,,
[datetime.datetime(2021; 04; 16; 12; 05; 42; 000244)],0,0,1,1,1,1,1,0,0,0,0,0,,,,,,
[datetime.datetime(2021; 04; 16; 12; 05; 42; 000245)],0,0,1,1,1,1,1,0,0,0,0,0,,,,,,
[datetime.datetime(2021; 04; 16; 12; 05; 42; 000246)],0,0,1,1,1,1,1,0,0,0,0,0,,,,,,
[datetime.datetime(2021; 04; 16; 12; 05; 42; 000247)],0,0,1,1,1,1,1,0,0,0,0,0,,,,,,
[datetime.datetime(2021; 04; 16; 12; 05; 42; 000248)],0,0,1,1,1,0,1,0,0,0,0,0,,,,,,
[datetime.datetime(2021; 04; 16; 12; 05; 42; 000249)],0,0,1,1,1,0,1,0,0,0,0,0,,,,,,
[datetime.datetime(2021; 04; 16; 12; 05; 42; 000250)],0,0,1,1,1,1,1,0,0,0,0,0,,,,,,
[datetime.datetime(2021; 04; 16; 12; 05; 43; 000251)],0,0,1,1,1,1,1,0,0,0,0,0,,,,,,
[datetime.datetime(2021; 04; 16; 12; 05; 43; 000252)],0,0,1,1,1,1,1,0,0,0,0,0,,,,,,
[datetime.datetime(2021; 04; 16; 12; 05; 43; 000253)],0,0,0,1,1,1,1,0,0,0,0,0,,,,,,
[datetime.datetime(2021; 04; 16; 12; 05; 43; 000254)],0,0,0,1,1,1,1,0,0,0,0,0,,,,,,
[datetime.datetime(2021; 04; 16; 12; 05; 43; 000255)],0,0,0,1,1,1,1,0,0,0,0,0,,,,,,
[datetime.datetime(2021; 04; 16; 12; 05; 43; 000256)],1,0,0,1,1,1,1,0,0,0,0,0,,,,,,
[datetime.datetime(2021; 04; 16; 12; 05; 43; 000257)],1,0,0,1,1,1,1,0,0,0,0,0,,,,,,
[datetime.datetime(2021; 04; 16; 12; 05; 43; 000258)],1,0,0,1,1,1,1,0,0,0,0,0,,,,,,
[datetime.datetime(2021; 04; 16; 12; 05; 43; 000259)],1,0,1,1,1,1,1,0,0,0,0,0,,,,,,
[datetime.datetime(2021; 04; 16; 12; 05; 43; 000260)],0,0,1,1,1,1,1,0,0,0,0,0,,,,,,
[datetime.datetime(2021; 04; 16; 12; 05; 44; 000261)],0,0,1,1,1,1,1,0,0,0,0,0,,,,,,
[datetime.datetime(2021; 04; 16; 12; 05; 44; 000262)],0,0,1,1,1,1,1,0,0,0,0,0,,,,,,
[datetime.datetime(2021; 04; 16; 12; 05; 44; 000263)],0,0,1,1,1,1,1,0,0,0,0,0,,,,,,
[datetime.datetime(2021; 04; 16; 12; 05; 44; 000264)],0,0,1,1,1,1,1,0,0,0,0,0,,,,,,
[datetime.datetime(2021; 04; 16; 12; 05; 44; 000265)],0,0,1,1,1,1,1,0,0,0,0,0,,,,,,
[datetime.datetime(2021; 04; 16; 12; 05; 44; 000266)],0,0,1,1,1,1,1,0,0,0,0,0,,,,,,
[datetime.datetime(2021; 04; 16; 12; 05; 44; 000267)],0,0,1,1,1,1,1,0,0,0,0,0,collage à 1 de P1VP2,,,,,
[datetime.datetime(2021; 04; 16; 12; 05; 44; 000268)],0,0,1,1,1,1,1,0,1,0,0,0,,,,,,
[datetime.datetime(2021; 04; 16; 12; 05; 44; 000269)],0,0,1,1,1,1,1,0,1,0,0,0,,,,,,
[datetime.datetime(2021; 04; 16; 12; 05; 45; 000270)],0,0,1,1,1,1,1,0,1,0,0,0,,,,,,
[datetime.datetime(2021; 04; 16; 12; 05; 45; 000271)],0,0,1,1,1,1,1,0,1,0,0,0,,,,,,
[datetime.datetime(2021; 04; 16; 12; 05; 45; 000272)],0,0,1,1,1,1,1,0,1,0,0,0,,,,,,
[datetime.datetime(2021; 04; 16; 12; 05; 45; 000273)],0,0,1,1,1,0,1,0,1,0,0,0,,,,,,
[datetime.datetime(2021; 04; 16; 12; 05; 45; 000274)],0,0,1,1,1,0,1,0,1,0,0,0,,,,,,
[datetime.datetime(2021; 04; 16; 12; 05; 45; 000275)],0,0,1,1,1,1,1,0,1,0,0,0,,,,,,
[datetime.datetime(2021; 04; 16; 12; 05; 45; 000276)],0,0,1,1,1,1,1,0,1,0,0,0,,,,,,
[datetime.datetime(2021; 04; 16; 12; 05; 45; 000277)],0,0,1,1,1,1,1,0,1,0,0,0,,,,,,
[datetime.datetime(2021; 04; 16; 12; 05; 45; 000278)],0,0,0,1,1,1,1,0,0,0,0,0,remise de symptome à 0,,,,,
[datetime.datetime(2021; 04; 16; 12; 05; 46; 000279)],0,0,0,1,1,1,1,0,0,0,0,0,,,,,,
[datetime.datetime(2021; 04; 16; 12; 05; 46; 000280)],0,0,0,1,1,1,1,0,0,0,0,0,,,,,,
[datetime.datetime(2021; 04; 16; 12; 05; 46; 000281)],1,0,0,1,1,1,1,0,0,0,0,0,,,,,,
[datetime.datetime(2021; 04; 16; 12; 05; 46; 000282)],1,0,0,1,1,1,1,0,0,0,0,0,,,,,,
[datetime.datetime(2021; 04; 16; 12; 05; 46; 000283)],1,0,1,1,1,1,1,0,0,0,0,0,,,,,,
[datetime.datetime(2021; 04; 16; 12; 05; 46; 000284)],0,0,1,1,1,1,1,0,0,0,0,0,,,,,,
[datetime.datetime(2021; 04; 16; 12; 05; 46; 000285)],0,0,1,1,1,1,1,0,0,0,0,0,,,,,,
[datetime.datetime(2021; 04; 16; 12; 05; 46; 000286)],0,0,1,1,1,1,1,0,0,0,0,0,,,,,,
[datetime.datetime(2021; 04; 16; 12; 05; 46; 000287)],0,0,1,1,1,1,1,0,0,0,0,0,,,,,,
[datetime.datetime(2021; 04; 16; 12; 05; 47; 000288)],0,0,1,1,1,1,1,0,0,0,0,0,,,,,,
[datetime.datetime(2021; 04; 16; 12; 05; 47; 000289)],0,0,1,1,1,1,1,0,0,0,0,0,,,,,,
[datetime.datetime(2021; 04; 16; 12; 05; 47; 000290)],0,0,1,1,1,1,1,0,0,0,0,0,,,,,,
[datetime.datetime(2021; 04; 16; 12; 05; 47; 000291)],0,0,1,1,1,1,1,0,0,0,0,0,,,,,,
[datetime.datetime(2021; 04; 16; 12; 05; 47; 000292)],0,0,1,1,1,1,1,0,0,0,0,0,,,,,,
[datetime.datetime(2021; 04; 16; 12; 05; 47; 000293)],0,0,1,0,1,1,1,0,0,0,0,0,,,,,,
[datetime.datetime(2021; 04; 16; 12; 05; 47; 000294)],0,0,1,1,1,1,1,0,0,0,0,0,,,,,,
[datetime.datetime(2021; 04; 16; 12; 05; 47; 000295)],0,0,1,1,1,1,1,0,0,0,0,0,,,,,,
[datetime.datetime(2021; 04; 16; 12; 05; 47; 000296)],0,0,1,1,1,1,1,0,0,0,0,0,,,,,,
[datetime.datetime(2021; 04; 16; 12; 05; 47; 000297)],0,0,1,1,1,1,1,0,0,0,0,0,,,,,,
[datetime.datetime(2021; 04; 16; 12; 05; 48; 000298)],0,0,1,1,1,1,1,0,0,0,0,0,,,,,,
[datetime.datetime(2021; 04; 16; 12; 05; 48; 000299)],0,0,1,1,1,1,1,0,0,0,0,0,collage à 1 de P1VP4,,,,,
[datetime.datetime(2021; 04; 16; 12; 05; 48; 000300)],0,0,1,1,1,1,1,0,0,0,0,0,,,,,,
[datetime.datetime(2021; 04; 16; 12; 05; 48; 000301)],0,0,1,1,1,1,1,0,0,1,0,0,,,,,,
[datetime.datetime(2021; 04; 16; 12; 05; 48; 000302)],0,0,1,1,1,1,1,0,0,1,0,0,,,,,,
[datetime.datetime(2021; 04; 16; 12; 05; 48; 000303)],0,0,1,1,1,1,1,0,0,1,0,0,,,,,,
[datetime.datetime(2021; 04; 16; 12; 05; 48; 000304)],0,0,0,1,1,1,1,0,0,1,0,0,,,,,,
[datetime.datetime(2021; 04; 16; 12; 05; 48; 000305)],0,0,0,1,1,1,1,0,0,1,0,0,,,,,,
[datetime.datetime(2021; 04; 16; 12; 05; 48; 000306)],0,0,0,1,1,1,1,0,0,1,0,0,,,,,,
[datetime.datetime(2021; 04; 16; 12; 05; 49; 000307)],0,1,0,1,1,1,1,0,0,1,0,0,,,,,,
[datetime.datetime(2021; 04; 16; 12; 05; 49; 000308)],0,1,0,1,1,1,1,0,0,1,0,0,,,,,,
[datetime.datetime(2021; 04; 16; 12; 05; 49; 000309)],0,1,1,1,1,1,1,0,0,0,0,0,remise à 0 du symptome,,,,,
[datetime.datetime(2021; 04; 16; 12; 05; 49; 000310)],0,0,1,1,1,1,1,0,0,0,0,0,,,,,,
[datetime.datetime(2021; 04; 16; 12; 05; 49; 000311)],0,0,1,1,1,1,1,0,0,0,0,0,,,,,,
[datetime.datetime(2021; 04; 16; 12; 05; 49; 000312)],0,0,1,1,1,1,1,0,0,0,0,0,,,,,,
[datetime.datetime(2021; 04; 16; 12; 05; 49; 000313)],0,0,1,1,1,1,1,0,0,0,0,0,,,,,,
[datetime.datetime(2021; 04; 16; 12; 05; 49; 000314)],0,0,1,1,1,1,1,0,0,0,0,0,,,,,,
[datetime.datetime(2021; 04; 16; 12; 05; 49; 000315)],0,0,1,1,1,1,1,0,0,0,0,0,,,,,,
[datetime.datetime(2021; 04; 16; 12; 05; 50; 000316)],0,0,1,1,1,1,1,0,0,0,0,0,,,,,,
[datetime.datetime(2021; 04; 16; 12; 05; 50; 000317)],0,0,1,1,1,1,1,0,0,0,0,0,,,,,,
[datetime.datetime(2021; 04; 16; 12; 05; 50; 000318)],0,0,1,1,1,1,1,0,0,0,0,0,,,,,,
[datetime.datetime(2021; 04; 16; 12; 05; 50; 000319)],0,0,1,1,1,1,1,0,0,0,0,0,,,,,,
[datetime.datetime(2021; 04; 16; 12; 05; 50; 000320)],0,0,1,1,0,1,1,0,0,0,0,0,,,,,,
[datetime.datetime(2021; 04; 16; 12; 05; 50; 000321)],0,0,1,1,1,1,1,0,0,0,0,0,,,,,,
[datetime.datetime(2021; 04; 16; 12; 05; 50; 000322)],0,0,1,1,1,1,1,0,0,0,0,0,,,,,,
[datetime.datetime(2021; 04; 16; 12; 05; 50; 000323)],0,0,1,1,1,1,1,0,0,0,0,0,,,,,,
[datetime.datetime(2021; 04; 16; 12; 05; 50; 000324)],0,0,1,1,1,1,1,0,0,0,0,0,,,,,,
[datetime.datetime(2021; 04; 16; 12; 05; 51; 000325)],0,0,1,1,1,1,1,0,0,0,0,0,,,,,,
[datetime.datetime(2021; 04; 16; 12; 05; 51; 000326)],0,0,1,1,1,1,1,0,0,0,0,0,,,,,,
[datetime.datetime(2021; 04; 16; 12; 05; 51; 000327)],0,0,1,1,1,1,0,0,0,0,0,0,,,,,,
[datetime.datetime(2021; 04; 16; 12; 05; 51; 000328)],0,0,1,1,1,1,0,0,0,0,0,0,,,,,,
[datetime.datetime(2021; 04; 16; 12; 05; 51; 000329)],0,0,1,1,1,1,1,0,0,0,0,0,,,,,,
[datetime.datetime(2021; 04; 16; 12; 05; 51; 000330)],0,0,0,1,1,1,1,0,0,0,0,0,,,,,,
[datetime.datetime(2021; 04; 16; 12; 05; 51; 000331)],0,1,0,1,1,1,1,0,0,0,0,0,,,,,,
[datetime.datetime(2021; 04; 16; 12; 05; 51; 000332)],0,1,1,1,1,1,1,0,0,0,0,0,,,,,,
[datetime.datetime(2021; 04; 16; 12; 05; 51; 000333)],0,0,1,1,1,1,1,0,0,0,0,0,,,,,,
[datetime.datetime(2021; 04; 16; 12; 05; 51; 000334)],0,0,1,1,1,1,1,0,0,0,0,0,,,,,,
[datetime.datetime(2021; 04; 16; 12; 05; 52; 000335)],0,0,1,1,1,1,1,0,0,0,0,0,,,,,,
[datetime.datetime(2021; 04; 16; 12; 05; 52; 000336)],0,0,1,1,1,1,1,0,0,0,0,0,,,,,,
[datetime.datetime(2021; 04; 16; 12; 05; 52; 000337)],0,0,1,1,1,1,1,0,0,0,0,0,,,,,,
[datetime.datetime(2021; 04; 16; 12; 05; 52; 000338)],0,0,1,1,1,1,1,0,0,0,0,0,,,,,,
[datetime.datetime(2021; 04; 16; 12; 05; 52; 000339)],0,0,1,1,1,1,1,0,0,0,0,0,,,,,,
[datetime.datetime(2021; 04; 16; 12; 05; 52; 000340)],0,0,1,1,1,1,1,0,0,0,0,0,,,,,,
[datetime.datetime(2021; 04; 16; 12; 05; 52; 000341)],0,0,1,1,1,1,1,0,0,0,0,0,,,,,,
[datetime.datetime(2021; 04; 16; 12; 05; 52; 000342)],0,0,1,1,1,1,1,0,0,0,0,0,,,,,,
[datetime.datetime(2021; 04; 16; 12; 05; 52; 000343)],0,0,1,1,0,1,1,0,0,0,0,0,,,,,,
[datetime.datetime(2021; 04; 16; 12; 05; 53; 000344)],0,0,1,1,1,1,1,0,0,0,0,0,,,,,,
[datetime.datetime(2021; 04; 16; 12; 05; 53; 000345)],0,0,1,1,1,1,1,0,0,0,0,0,,,,,,
[datetime.datetime(2021; 04; 16; 12; 05; 53; 000346)],0,0,1,1,1,1,1,0,0,0,0,0,,,,,,
[datetime.datetime(2021; 04; 16; 12; 05; 53; 000347)],0,0,1,1,1,1,1,0,0,0,0,0,,,,,,
[datetime.datetime(2021; 04; 16; 12; 05; 53; 000348)],0,0,1,1,1,1,1,0,0,0,0,0,,,,,,
[datetime.datetime(2021; 04; 16; 12; 05; 53; 000349)],0,0,1,1,1,1,1,0,0,0,0,0,,,,,,
[datetime.datetime(2021; 04; 16; 12; 05; 53; 000350)],0,0,1,1,1,1,1,0,0,0,0,0,,,,,,
[datetime.datetime(2021; 04; 16; 12; 05; 53; 000351)],0,0,1,1,1,1,1,0,0,0,0,0,,,,,,
[datetime.datetime(2021; 04; 16; 12; 05; 53; 000352)],0,0,1,1,1,1,1,0,0,0,0,0,collage à 1 de P2E,,,,,
[datetime.datetime(2021; 04; 16; 12; 05; 54; 000353)],0,0,1,1,1,1,1,0,0,0,0,0,,,,,,
[datetime.datetime(2021; 04; 16; 12; 05; 54; 000354)],0,0,1,1,1,1,1,0,0,0,0,0,,,,,,
[datetime.datetime(2021; 04; 16; 12; 05; 54; 000355)],0,0,0,1,1,1,1,0,0,0,1,0,,,,,,
[datetime.datetime(2021; 04; 16; 12; 05; 54; 000356)],0,1,0,1,1,1,1,0,0,0,1,0,,,,,,
[datetime.datetime(2021; 04; 16; 12; 05; 54; 000357)],0,1,0,1,1,1,1,0,0,0,1,0,,,,,,
[datetime.datetime(2021; 04; 16; 12; 05; 54; 000358)],0,1,0,1,1,1,1,0,0,0,1,0,,,,,,
[datetime.datetime(2021; 04; 16; 12; 05; 54; 000359)],0,1,1,1,1,1,1,0,0,0,1,0,,,,,,
[datetime.datetime(2021; 04; 16; 12; 05; 54; 000360)],0,0,1,1,1,1,1,0,0,0,1,0,,,,,,
[datetime.datetime(2021; 04; 16; 12; 05; 54; 000361)],0,0,1,1,1,1,1,0,0,0,1,0,,,,,,
[datetime.datetime(2021; 04; 16; 12; 05; 55; 000362)],0,0,1,1,1,1,1,0,0,0,0,0,remise à 0 du symptome,,,,,
[datetime.datetime(2021; 04; 16; 12; 05; 55; 000363)],0,0,1,1,1,1,1,0,0,0,0,0,,,,,,
[datetime.datetime(2021; 04; 16; 12; 05; 55; 000364)],0,0,1,1,1,1,1,0,0,0,0,0,,,,,,
[datetime.datetime(2021; 04; 16; 12; 05; 55; 000365)],0,0,1,1,1,1,1,0,0,0,0,0,,,,,,
[datetime.datetime(2021; 04; 16; 12; 05; 55; 000366)],0,0,1,1,1,1,1,0,0,0,0,0,,,,,,
[datetime.datetime(2021; 04; 16; 12; 05; 55; 000367)],0,0,1,1,1,1,1,0,0,0,0,0,,,,,,
[datetime.datetime(2021; 04; 16; 12; 05; 55; 000368)],0,0,1,1,1,1,1,0,0,0,0,0,,,,,,
[datetime.datetime(2021; 04; 16; 12; 05; 55; 000369)],0,0,1,1,1,1,1,0,0,0,0,0,,,,,,
[datetime.datetime(2021; 04; 16; 12; 05; 55; 000370)],0,0,1,1,0,1,1,0,0,0,0,0,,,,,,
[datetime.datetime(2021; 04; 16; 12; 05; 55; 000371)],0,0,1,1,1,1,1,0,0,0,0,0,,,,,,
[datetime.datetime(2021; 04; 16; 12; 05; 56; 000372)],0,0,1,1,1,1,1,0,0,0,0,0,,,,,,
[datetime.datetime(2021; 04; 16; 12; 05; 56; 000373)],0,0,1,1,1,1,1,0,0,0,0,0,,,,,,
[datetime.datetime(2021; 04; 16; 12; 05; 56; 000374)],0,0,1,1,1,1,1,0,0,0,0,0,,,,,,
[datetime.datetime(2021; 04; 16; 12; 05; 56; 000375)],0,0,1,1,1,1,1,0,0,0,0,0,,,,,,
[datetime.datetime(2021; 04; 16; 12; 05; 56; 000376)],0,0,1,1,1,1,1,0,0,0,0,0,,,,,,
[datetime.datetime(2021; 04; 16; 12; 05; 56; 000377)],0,0,1,1,1,1,0,0,0,0,0,0,,,,,,
[datetime.datetime(2021; 04; 16; 12; 05; 56; 000378)],0,0,1,1,1,1,0,0,0,0,0,0,,,,,,
[datetime.datetime(2021; 04; 16; 12; 05; 56; 000379)],0,0,1,1,1,1,1,0,0,0,0,0,,,,,,
[datetime.datetime(2021; 04; 16; 12; 05; 56; 000380)],0,0,0,1,1,1,1,0,0,0,0,0,,,,,,
[datetime.datetime(2021; 04; 16; 12; 05; 57; 000381)],0,1,0,1,1,1,1,0,0,0,0,0,,,,,,
[datetime.datetime(2021; 04; 16; 12; 05; 57; 000382)],0,1,0,1,1,1,1,0,0,0,0,0,,,,,,
[datetime.datetime(2021; 04; 16; 12; 05; 57; 000383)],0,1,1,1,1,1,1,0,0,0,0,0,,,,,,
[datetime.datetime(2021; 04; 16; 12; 05; 57; 000384)],0,0,1,1,1,1,1,0,0,0,0,0,,,,,,
[datetime.datetime(2021; 04; 16; 12; 05; 57; 000385)],0,0,1,1,1,1,1,0,0,0,0,0,,,,,,
[datetime.datetime(2021; 04; 16; 12; 05; 57; 000386)],0,0,1,1,1,1,1,0,0,0,0,0,,,,,,
[datetime.datetime(2021; 04; 16; 12; 05; 57; 000387)],0,0,1,1,1,1,1,0,0,0,0,0,,,,,,
[datetime.datetime(2021; 04; 16; 12; 05; 57; 000388)],0,0,1,1,1,1,1,0,0,0,0,0,,,,,,
[datetime.datetime(2021; 04; 16; 12; 05; 57; 000389)],0,0,1,1,1,1,1,0,0,0,0,0,,,,,,
[datetime.datetime(2021; 04; 16; 12; 05; 58; 000390)],0,0,1,1,1,1,1,0,0,0,0,0,,,,,,
[datetime.datetime(2021; 04; 16; 12; 05; 58; 000391)],0,0,1,1,1,1,1,0,0,0,0,0,,,,,,
[datetime.datetime(2021; 04; 16; 12; 05; 58; 000392)],0,0,1,1,1,1,1,0,0,0,0,0,,,,,,
[datetime.datetime(2021; 04; 16; 12; 05; 58; 000393)],0,0,1,1,1,1,1,0,0,0,0,0,,,,,,
[datetime.datetime(2021; 04; 16; 12; 05; 58; 000394)],0,0,1,1,0,1,1,0,0,0,0,0,,,,,,
[datetime.datetime(2021; 04; 16; 12; 05; 58; 000395)],0,0,1,1,1,1,1,0,0,0,0,0,,,,,,
[datetime.datetime(2021; 04; 16; 12; 05; 58; 000396)],0,0,1,1,1,1,1,0,0,0,0,0,,,,,,
[datetime.datetime(2021; 04; 16; 12; 05; 58; 000397)],0,0,1,1,1,1,1,0,0,0,0,0,,,,,,
[datetime.datetime(2021; 04; 16; 12; 05; 58; 000398)],0,0,1,1,1,1,1,0,0,0,0,0,,,,,,
[datetime.datetime(2021; 04; 16; 12; 05; 59; 000399)],0,0,1,1,1,1,1,0,0,0,0,0,,,,,,
[datetime.datetime(2021; 04; 16; 12; 05; 59; 000400)],0,0,1,1,1,1,1,0,0,0,0,0,,,,,,
[datetime.datetime(2021; 04; 16; 12; 05; 59; 000401)],0,0,1,1,1,1,1,0,0,0,0,0,,,,,,
[datetime.datetime(2021; 04; 16; 12; 05; 59; 000402)],0,0,1,1,1,1,1,0,0,0,0,0,,,,,,
[datetime.datetime(2021; 04; 16; 12; 05; 59; 000403)],0,0,1,1,1,1,1,0,0,0,0,0,collage à 1 de P4E,,,,,
[datetime.datetime(2021; 04; 16; 12; 05; 59; 000404)],0,0,1,1,1,1,1,0,0,0,0,0,,,,,,
[datetime.datetime(2021; 04; 16; 12; 05; 59; 000405)],0,0,1,1,1,1,1,0,0,0,0,1,,,,,,
[datetime.datetime(2021; 04; 16; 12; 05; 59; 000406)],0,0,0,1,1,1,1,0,0,0,0,1,,,,,,
[datetime.datetime(2021; 04; 16; 12; 05; 59; 000407)],0,0,0,1,1,1,1,0,0,0,0,0,remise à 0 du symptome,,,,,
[datetime.datetime(2021; 04; 16; 12; 05; 59; 000408)],0,0,0,1,1,1,1,0,0,0,0,0,,,,,,
[datetime.datetime(2021; 04; 16; 12; 06; 00; 000409)],1,0,0,1,1,1,1,0,0,0,0,0,,,,,,
[datetime.datetime(2021; 04; 16; 12; 06; 00; 000410)],1,0,0,1,1,1,1,0,0,0,0,0,,,,,,
[datetime.datetime(2021; 04; 16; 12; 06; 00; 000411)],1,0,1,1,1,1,1,0,0,0,0,0,,,,,,
[datetime.datetime(2021; 04; 16; 12; 06; 00; 000412)],0,0,1,1,1,1,1,0,0,0,0,0,,,,,,
[datetime.datetime(2021; 04; 16; 12; 06; 00; 000413)],0,0,1,1,1,1,1,0,0,0,0,0,,,,,,
[datetime.datetime(2021; 04; 16; 12; 06; 00; 000414)],0,0,1,1,1,1,1,0,0,0,0,0,,,,,,
[datetime.datetime(2021; 04; 16; 12; 06; 00; 000415)],0,0,1,1,1,1,1,0,0,0,0,0,,,,,,
[datetime.datetime(2021; 04; 16; 12; 06; 00; 000416)],0,0,1,1,1,1,1,0,0,0,0,0,,,,,,
[datetime.datetime(2021; 04; 16; 12; 06; 00; 000417)],0,0,1,1,1,1,1,0,0,0,0,0,,,,,,
[datetime.datetime(2021; 04; 16; 12; 06; 01; 000418)],0,0,1,1,1,1,1,0,0,0,0,0,,,,,,
[datetime.datetime(2021; 04; 16; 12; 06; 01; 000419)],0,0,1,0,1,1,1,0,0,0,0,0,,,,,,
[datetime.datetime(2021; 04; 16; 12; 06; 01; 000420)],0,0,1,1,1,1,1,0,0,0,0,0,,,,,,
[datetime.datetime(2021; 04; 16; 12; 06; 01; 000421)],0,0,1,1,1,1,1,0,0,0,0,0,,,,,,
[datetime.datetime(2021; 04; 16; 12; 06; 01; 000422)],0,0,1,1,1,1,1,0,0,0,0,0,,,,,,
[datetime.datetime(2021; 04; 16; 12; 06; 01; 000423)],0,0,1,1,1,1,1,0,0,0,0,0,,,,,,
[datetime.datetime(2021; 04; 16; 12; 06; 01; 000424)],0,0,1,1,1,1,1,0,0,0,0,0,,,,,,
[datetime.datetime(2021; 04; 16; 12; 06; 01; 000425)],0,0,1,1,1,0,1,0,0,0,0,0,,,,,,
[datetime.datetime(2021; 04; 16; 12; 06; 01; 000426)],0,0,1,1,1,0,1,0,0,0,0,0,,,,,,
[datetime.datetime(2021; 04; 16; 12; 06; 02; 000427)],0,0,1,1,1,1,1,0,0,0,0,0,,,,,,
[datetime.datetime(2021; 04; 16; 12; 06; 02; 000428)],0,0,1,1,1,1,1,0,0,0,0,0,,,,,,
[datetime.datetime(2021; 04; 16; 12; 06; 02; 000429)],0,0,1,1,1,1,1,0,0,0,0,0,,,,,,
[datetime.datetime(2021; 04; 16; 12; 06; 02; 000430)],0,0,0,1,1,1,1,0,0,0,0,0,,,,,,
[datetime.datetime(2021; 04; 16; 12; 06; 02; 000431)],0,0,0,1,1,1,1,0,0,0,0,0,,,,,,
[datetime.datetime(2021; 04; 16; 12; 06; 02; 000432)],0,0,0,1,1,1,1,0,0,0,0,0,,,,,,
[datetime.datetime(2021; 04; 16; 12; 06; 02; 000433)],1,0,0,1,1,1,1,0,0,0,0,0,,,,,,
[datetime.datetime(2021; 04; 16; 12; 06; 02; 000434)],1,0,1,1,1,1,1,0,0,0,0,0,,,,,,
[datetime.datetime(2021; 04; 16; 12; 06; 02; 000435)],0,0,1,1,1,1,1,0,0,0,0,0,,,,,,
[datetime.datetime(2021; 04; 16; 12; 06; 03; 000436)],0,0,1,1,1,1,1,0,0,0,0,0,,,,,,
[datetime.datetime(2021; 04; 16; 12; 06; 03; 000437)],0,0,1,1,1,1,1,0,0,0,0,0,,,,,,
[datetime.datetime(2021; 04; 16; 12; 06; 03; 000438)],0,0,1,1,1,1,1,0,0,0,0,0,,,,,,
[datetime.datetime(2021; 04; 16; 12; 06; 03; 000439)],0,0,1,1,1,1,1,0,0,0,0,0,,,,,,
[datetime.datetime(2021; 04; 16; 12; 06; 03; 000440)],0,0,1,1,1,1,1,0,0,0,0,0,,,,,,
[datetime.datetime(2021; 04; 16; 12; 06; 03; 000441)],0,0,1,1,1,1,1,0,0,0,0,0,,,,,,
[datetime.datetime(2021; 04; 16; 12; 06; 03; 000442)],0,0,1,1,1,1,1,0,0,0,0,0,,,,,,
[datetime.datetime(2021; 04; 16; 12; 06; 03; 000443)],0,0,1,1,1,1,1,0,0,0,0,0,,,,,,
[datetime.datetime(2021; 04; 16; 12; 06; 03; 000444)],0,0,1,0,1,1,1,0,0,0,0,0,,,,,,
[datetime.datetime(2021; 04; 16; 12; 06; 04; 000445)],0,0,1,1,1,1,1,0,0,0,0,0,,,,,,
[datetime.datetime(2021; 04; 16; 12; 06; 04; 000446)],0,0,1,1,1,1,1,0,0,0,0,0,,,,,,
[datetime.datetime(2021; 04; 16; 12; 06; 04; 000447)],0,0,1,1,1,1,1,0,0,0,0,0,,,,,,
[datetime.datetime(2021; 04; 16; 12; 06; 04; 000448)],0,0,1,1,1,1,1,0,0,0,0,0,,,,,,
[datetime.datetime(2021; 04; 16; 12; 06; 04; 000449)],0,0,1,1,1,1,1,0,0,0,0,0,,,,,,
[datetime.datetime(2021; 04; 16; 12; 06; 04; 000450)],0,0,1,1,1,1,1,0,0,0,0,0,,,,,,
[datetime.datetime(2021; 04; 16; 12; 06; 04; 000451)],0,0,1,1,1,0,1,0,0,0,0,0,,,,,,
[datetime.datetime(2021; 04; 16; 12; 06; 04; 000452)],0,0,1,1,1,0,1,0,0,0,0,0,,,,,,
[datetime.datetime(2021; 04; 16; 12; 06; 04; 000453)],0,0,1,1,1,1,1,0,0,0,0,0,,,,,,
[datetime.datetime(2021; 04; 16; 12; 06; 04; 000454)],0,0,1,1,1,1,1,0,0,0,0,0,,,,,,
[datetime.datetime(2021; 04; 16; 12; 06; 05; 000455)],0,0,1,1,1,1,1,0,0,0,0,0,,,,,,
[datetime.datetime(2021; 04; 16; 12; 06; 05; 000456)],0,0,0,1,1,1,1,0,0,0,0,0,,,,,,
[datetime.datetime(2021; 04; 16; 12; 06; 05; 000457)],0,0,0,1,1,1,1,0,0,0,0,0,,,,,,
[datetime.datetime(2021; 04; 16; 12; 06; 05; 000458)],0,0,0,1,1,1,1,0,0,0,0,0,,,,,,
[datetime.datetime(2021; 04; 16; 12; 06; 05; 000459)],1,0,0,1,1,1,1,0,0,0,0,0,,,,,,
[datetime.datetime(2021; 04; 16; 12; 06; 05; 000460)],1,0,0,1,1,1,1,0,0,0,0,0,,,,,,
[datetime.datetime(2021; 04; 16; 12; 06; 05; 000461)],1,0,0,1,1,1,1,0,0,0,0,0,,,,,,
[datetime.datetime(2021; 04; 16; 12; 06; 05; 000462)],1,0,1,1,1,1,1,0,0,0,0,0,,,,,,
[datetime.datetime(2021; 04; 16; 12; 06; 05; 000463)],0,0,1,1,1,1,1,0,0,0,0,0,,,,,,
[datetime.datetime(2021; 04; 16; 12; 06; 06; 000464)],0,0,1,1,1,1,1,0,0,0,0,0,,,,,,
[datetime.datetime(2021; 04; 16; 12; 06; 06; 000465)],0,0,1,1,1,1,1,0,0,0,0,0,,,,,,
[datetime.datetime(2021; 04; 16; 12; 06; 06; 000466)],0,0,1,1,1,1,1,0,0,0,0,0,,,,,,
[datetime.datetime(2021; 04; 16; 12; 06; 06; 000467)],0,0,1,1,1,1,1,0,0,0,0,0,,,,,,
[datetime.datetime(2021; 04; 16; 12; 06; 06; 000468)],0,0,1,1,1,1,1,0,0,0,0,0,,,,,,
[datetime.datetime(2021; 04; 16; 12; 06; 06; 000469)],0,0,1,1,1,1,1,0,0,0,0,0,,,,,,
[datetime.datetime(2021; 04; 16; 12; 06; 06; 000470)],0,0,1,0,1,1,1,0,0,0,0,0,,,,,,
[datetime.datetime(2021; 04; 16; 12; 06; 06; 000471)],0,0,1,1,1,1,1,0,0,0,0,0,,,,,,
[datetime.datetime(2021; 04; 16; 12; 06; 06; 000472)],0,0,1,1,1,1,1,0,0,0,0,0,,,,,,
[datetime.datetime(2021; 04; 16; 12; 06; 07; 000473)],0,0,1,1,1,1,1,0,0,0,0,0,,,,,,
[datetime.datetime(2021; 04; 16; 12; 06; 07; 000474)],0,0,1,1,1,1,1,0,0,0,0,0,,,,,,
[datetime.datetime(2021; 04; 16; 12; 06; 07; 000475)],0,0,1,1,1,1,1,0,0,0,0,0,,,,,,
[datetime.datetime(2021; 04; 16; 12; 06; 07; 000476)],0,0,1,1,1,0,1,0,0,0,0,0,,,,,,
[datetime.datetime(2021; 04; 16; 12; 06; 07; 000477)],0,0,1,1,1,0,1,0,0,0,0,0,,,,,,
[datetime.datetime(2021; 04; 16; 12; 06; 07; 000478)],0,0,1,1,1,1,1,0,0,0,0,0,,,,,,
[datetime.datetime(2021; 04; 16; 12; 06; 07; 000479)],0,0,1,1,1,1,1,0,0,0,0,0,,,,,,
[datetime.datetime(2021; 04; 16; 12; 06; 07; 000480)],0,0,1,1,1,1,1,0,0,0,0,0,,,,,,
[datetime.datetime(2021; 04; 16; 12; 06; 07; 000481)],0,0,0,1,1,1,1,0,0,0,0,0,,,,,,
[datetime.datetime(2021; 04; 16; 12; 06; 08; 000482)],0,0,0,1,1,1,1,0,0,0,0,0,,,,,,
[datetime.datetime(2021; 04; 16; 12; 06; 08; 000483)],0,0,0,1,1,1,1,0,0,0,0,0,,,,,,
[datetime.datetime(2021; 04; 16; 12; 06; 08; 000484)],1,0,0,1,1,1,1,0,0,0,0,0,,,,,,
[datetime.datetime(2021; 04; 16; 12; 06; 08; 000485)],1,0,0,1,1,1,1,0,0,0,0,0,,,,,,
[datetime.datetime(2021; 04; 16; 12; 06; 08; 000486)],1,0,1,1,1,1,1,0,0,0,0,0,,,,,,
[datetime.datetime(2021; 04; 16; 12; 06; 08; 000487)],0,0,1,1,1,1,1,0,0,0,0,0,,,,,,
[datetime.datetime(2021; 04; 16; 12; 06; 08; 000488)],0,0,1,1,1,1,1,0,0,0,0,0,,,,,,
[datetime.datetime(2021; 04; 16; 12; 06; 08; 000489)],0,0,1,1,1,1,1,0,0,0,0,0,,,,,,
[datetime.datetime(2021; 04; 16; 12; 06; 08; 000490)],0,0,1,1,1,1,1,0,0,0,0,0,,,,,,
[datetime.datetime(2021; 04; 16; 12; 06; 09; 000491)],0,0,1,1,1,1,1,0,0,0,0,0,,,,,,
[datetime.datetime(2021; 04; 16; 12; 06; 09; 000492)],0,0,1,1,1,1,1,0,0,0,0,0,,,,,,
[datetime.datetime(2021; 04; 16; 12; 06; 09; 000493)],0,0,1,1,1,1,1,0,0,0,0,0,,,,,,
[datetime.datetime(2021; 04; 16; 12; 06; 09; 000494)],0,0,1,1,1,1,1,0,0,0,0,0,,,,,,
[datetime.datetime(2021; 04; 16; 12; 06; 09; 000495)],0,0,1,1,1,1,1,0,0,0,0,0,,,,,,
[datetime.datetime(2021; 04; 16; 12; 06; 09; 000496)],0,0,1,0,1,1,1,0,0,0,0,0,,,,,,
[datetime.datetime(2021; 04; 16; 12; 06; 09; 000497)],0,0,1,1,1,1,1,0,0,0,0,0,,,,,,
[datetime.datetime(2021; 04; 16; 12; 06; 09; 000498)],0,0,1,1,1,1,1,0,0,0,0,0,,,,,,
[datetime.datetime(2021; 04; 16; 12; 06; 09; 000499)],0,0,1,1,1,1,1,0,0,0,0,0,,,,,,
[datetime.datetime(2021; 04; 16; 12; 06; 10; 000500)],0,0,1,1,1,1,1,0,0,0,0,0,,,,,,
[datetime.datetime(2021; 04; 16; 12; 06; 10; 000501)],0,0,1,1,1,1,1,0,0,0,0,0,,,,,,
[datetime.datetime(2021; 04; 16; 12; 06; 10; 000502)],0,0,1,1,1,0,1,0,0,0,0,0,,,,,,
[datetime.datetime(2021; 04; 16; 12; 06; 10; 000503)],0,0,1,1,1,0,1,0,0,0,0,0,,,,,,
[datetime.datetime(2021; 04; 16; 12; 06; 10; 000504)],0,0,1,1,1,1,1,0,0,0,0,0,,,,,,
[datetime.datetime(2021; 04; 16; 12; 06; 10; 000505)],0,0,1,1,1,1,1,0,0,0,0,0,,,,,,
[datetime.datetime(2021; 04; 16; 12; 06; 10; 000506)],0,0,1,1,1,1,1,0,0,0,0,0,,,,,,
[datetime.datetime(2021; 04; 16; 12; 06; 10; 000507)],0,0,0,1,1,1,1,0,0,0,0,0,,,,,,
[datetime.datetime(2021; 04; 16; 12; 06; 10; 000508)],0,0,0,1,1,1,1,0,0,0,0,0,,,,,,
[datetime.datetime(2021; 04; 16; 12; 06; 11; 000509)],0,0,0,1,1,1,1,0,0,0,0,0,,,,,,
[datetime.datetime(2021; 04; 16; 12; 06; 11; 000510)],0,1,0,1,1,1,1,0,0,0,0,0,,,,,,
[datetime.datetime(2021; 04; 16; 12; 06; 11; 000511)],0,1,0,1,1,1,1,0,0,0,0,0,,,,,,
[datetime.datetime(2021; 04; 16; 12; 06; 11; 000512)],0,1,1,1,1,1,1,0,0,0,0,0,,,,,,
[datetime.datetime(2021; 04; 16; 12; 06; 11; 000513)],0,0,1,1,1,1,1,0,0,0,0,0,,,,,,
[datetime.datetime(2021; 04; 16; 12; 06; 11; 000514)],0,0,1,1,1,1,1,0,0,0,0,0,,,,,,
[datetime.datetime(2021; 04; 16; 12; 06; 11; 000515)],0,0,1,1,1,1,1,0,0,0,0,0,,,,,,
[datetime.datetime(2021; 04; 16; 12; 06; 11; 000516)],0,0,1,1,1,1,1,0,0,0,0,0,,,,,,
[datetime.datetime(2021; 04; 16; 12; 06; 11; 000517)],0,0,1,1,1,1,1,0,0,0,0,0,,,,,,
[datetime.datetime(2021; 04; 16; 12; 06; 12; 000518)],0,0,1,1,1,1,1,0,0,0,0,0,,,,,,
[datetime.datetime(2021; 04; 16; 12; 06; 12; 000519)],0,0,1,1,1,1,1,0,0,0,0,0,,,,,,
[datetime.datetime(2021; 04; 16; 12; 06; 12; 000520)],0,0,1,1,1,1,1,0,0,0,0,0,,,,,,
[datetime.datetime(2021; 04; 16; 12; 06; 12; 000521)],0,0,1,1,1,1,1,0,0,0,0,0,,,,,,
[datetime.datetime(2021; 04; 16; 12; 06; 12; 000522)],0,0,1,1,1,1,1,0,0,0,0,0,,,,,,
[datetime.datetime(2021; 04; 16; 12; 06; 12; 000523)],0,0,1,1,0,1,1,0,0,0,0,0,,,,,,
[datetime.datetime(2021; 04; 16; 12; 06; 12; 000524)],0,0,1,1,1,1,1,0,0,0,0,0,,,,,,
[datetime.datetime(2021; 04; 16; 12; 06; 12; 000525)],0,0,1,1,1,1,1,0,0,0,0,0,,,,,,
[datetime.datetime(2021; 04; 16; 12; 06; 13; 000526)],0,0,1,1,1,1,1,0,0,0,0,0,,,,,,
[datetime.datetime(2021; 04; 16; 12; 06; 13; 000527)],0,0,1,1,1,1,1,0,0,0,0,0,,,,,,
[datetime.datetime(2021; 04; 16; 12; 06; 13; 000528)],0,0,1,1,1,1,1,0,0,0,0,0,,,,,,
[datetime.datetime(2021; 04; 16; 12; 06; 13; 000529)],0,0,1,1,1,1,1,0,0,0,0,0,,,,,,
[datetime.datetime(2021; 04; 16; 12; 06; 13; 000530)],0,0,1,1,1,1,0,0,0,0,0,0,,,,,,
[datetime.datetime(2021; 04; 16; 12; 06; 13; 000531)],0,0,1,1,1,1,0,0,0,0,0,0,,,,,,
[datetime.datetime(2021; 04; 16; 12; 06; 13; 000532)],0,0,1,1,1,1,1,0,0,0,0,0,,,,,,
[datetime.datetime(2021; 04; 16; 12; 06; 13; 000533)],0,0,0,1,1,1,1,0,0,0,0,0,,,,,,
[datetime.datetime(2021; 04; 16; 12; 06; 13; 000534)],0,1,0,1,1,1,1,0,0,0,0,0,,,,,,
[datetime.datetime(2021; 04; 16; 12; 06; 13; 000535)],0,1,1,1,1,1,1,0,0,0,0,0,,,,,,
[datetime.datetime(2021; 04; 16; 12; 06; 14; 000536)],0,0,1,1,1,1,1,0,0,0,0,0,,,,,,
[datetime.datetime(2021; 04; 16; 12; 06; 14; 000537)],0,0,1,1,1,1,1,0,0,0,0,0,,,,,,
[datetime.datetime(2021; 04; 16; 12; 06; 14; 000538)],0,0,1,1,1,1,1,0,0,0,0,0,,,,,,
[datetime.datetime(2021; 04; 16; 12; 06; 14; 000539)],0,0,1,1,1,1,1,0,0,0,0,0,,,,,,
[datetime.datetime(2021; 04; 16; 12; 06; 14; 000540)],0,0,1,1,1,1,1,0,0,0,0,0,,,,,,
[datetime.datetime(2021; 04; 16; 12; 06; 14; 000541)],0,0,1,1,1,1,1,0,0,0,0,0,,,,,,
[datetime.datetime(2021; 04; 16; 12; 06; 14; 000542)],0,0,1,1,1,1,1,0,0,0,0,0,,,,,,
[datetime.datetime(2021; 04; 16; 12; 06; 14; 000543)],0,0,1,1,1,1,1,0,0,0,0,0,,,,,,
[datetime.datetime(2021; 04; 16; 12; 06; 14; 000544)],0,0,1,1,1,1,1,0,0,0,0,0,,,,,,
[datetime.datetime(2021; 04; 16; 12; 06; 15; 000545)],0,0,1,1,1,1,1,0,0,0,0,0,,,,,,
[datetime.datetime(2021; 04; 16; 12; 06; 15; 000546)],0,0,1,1,0,1,1,0,0,0,0,0,,,,,,
[datetime.datetime(2021; 04; 16; 12; 06; 15; 000547)],0,0,1,1,1,1,1,0,0,0,0,0,,,,,,
[datetime.datetime(2021; 04; 16; 12; 06; 15; 000548)],0,0,1,1,1,1,1,0,0,0,0,0,,,,,,
[datetime.datetime(2021; 04; 16; 12; 06; 15; 000549)],0,0,1,1,1,1,1,0,0,0,0,0,,,,,,
[datetime.datetime(2021; 04; 16; 12; 06; 15; 000550)],0,0,1,1,1,1,1,0,0,0,0,0,,,,,,
[datetime.datetime(2021; 04; 16; 12; 06; 15; 000551)],0,0,1,1,1,1,1,0,0,0,0,0,,,,,,
[datetime.datetime(2021; 04; 16; 12; 06; 15; 000552)],0,0,1,1,1,1,1,0,0,0,0,0,,,,,,
[datetime.datetime(2021; 04; 16; 12; 06; 15; 000553)],0,0,1,1,1,1,1,0,0,0,0,0,,,,,,
[datetime.datetime(2021; 04; 16; 12; 06; 16; 000554)],0,0,1,1,1,1,1,0,0,0,0,0,,,,,,
[datetime.datetime(2021; 04; 16; 12; 06; 16; 000555)],0,0,1,1,1,1,0,0,0,0,0,0,,,,,,
[datetime.datetime(2021; 04; 16; 12; 06; 16; 000556)],0,0,1,1,1,1,0,0,0,0,0,0,,,,,,
[datetime.datetime(2021; 04; 16; 12; 06; 16; 000557)],0,0,1,1,1,1,1,0,0,0,0,0,,,,,,
[datetime.datetime(2021; 04; 16; 12; 06; 16; 000558)],0,0,0,1,1,1,1,0,0,0,0,0,,,,,,
[datetime.datetime(2021; 04; 16; 12; 06; 16; 000559)],0,1,0,1,1,1,1,0,0,0,0,0,,,,,,
[datetime.datetime(2021; 04; 16; 12; 06; 16; 000560)],0,1,0,1,1,1,1,0,0,0,0,0,,,,,,
[datetime.datetime(2021; 04; 16; 12; 06; 16; 000561)],0,1,0,1,1,1,1,0,0,0,0,0,,,,,,
[datetime.datetime(2021; 04; 16; 12; 06; 16; 000562)],0,1,1,1,1,1,1,0,0,0,0,0,,,,,,
[datetime.datetime(2021; 04; 16; 12; 06; 17; 000563)],0,0,1,1,1,1,1,0,0,0,0,0,,,,,,
[datetime.datetime(2021; 04; 16; 12; 06; 17; 000564)],0,0,1,1,1,1,1,0,0,0,0,0,,,,,,
[datetime.datetime(2021; 04; 16; 12; 06; 17; 000565)],0,0,1,1,1,1,1,0,0,0,0,0,,,,,,
[datetime.datetime(2021; 04; 16; 12; 06; 17; 000566)],0,0,1,1,1,1,1,0,0,0,0,0,,,,,,
[datetime.datetime(2021; 04; 16; 12; 06; 17; 000567)],0,0,1,1,1,1,1,0,0,0,0,0,,,,,,
[datetime.datetime(2021; 04; 16; 12; 06; 17; 000568)],0,0,1,1,1,1,1,0,0,0,0,0,,,,,,
[datetime.datetime(2021; 04; 16; 12; 06; 17; 000569)],0,0,1,1,1,1,1,0,0,0,0,0,,,,,,
[datetime.datetime(2021; 04; 16; 12; 06; 17; 000570)],0,0,1,1,1,1,1,0,0,0,0,0,,,,,,
[datetime.datetime(2021; 04; 16; 12; 06; 17; 000571)],0,0,1,1,1,1,1,0,0,0,0,0,,,,,,
[datetime.datetime(2021; 04; 16; 12; 06; 17; 000572)],0,0,1,1,1,1,1,0,0,0,0,0,,,,,,
[datetime.datetime(2021; 04; 16; 12; 06; 18; 000573)],0,0,1,1,0,1,1,0,0,0,0,0,,,,,,
[datetime.datetime(2021; 04; 16; 12; 06; 18; 000574)],0,0,1,1,1,1,1,0,0,0,0,0,,,,,,
[datetime.datetime(2021; 04; 16; 12; 06; 18; 000575)],0,0,1,1,1,1,1,0,0,0,0,0,,,,,,
[datetime.datetime(2021; 04; 16; 12; 06; 18; 000576)],0,0,1,1,1,1,1,0,0,0,0,0,,,,,,
[datetime.datetime(2021; 04; 16; 12; 06; 18; 000577)],0,0,1,1,1,1,1,0,0,0,0,0,,,,,,
[datetime.datetime(2021; 04; 16; 12; 06; 18; 000578)],0,0,1,1,1,1,1,0,0,0,0,0,,,,,,
[datetime.datetime(2021; 04; 16; 12; 06; 18; 000579)],0,0,1,1,1,1,1,0,0,0,0,0,,,,,,
[datetime.datetime(2021; 04; 16; 12; 06; 18; 000580)],0,0,1,1,1,1,0,0,0,0,0,0,,,,,,
[datetime.datetime(2021; 04; 16; 12; 06; 18; 000581)],0,0,1,1,1,1,0,0,0,0,0,0,,,,,,
[datetime.datetime(2021; 04; 16; 12; 06; 19; 000582)],0,0,1,1,1,1,1,0,0,0,0,0,,,,,,
[datetime.datetime(2021; 04; 16; 12; 06; 19; 000583)],0,0,0,1,1,1,1,0,0,0,0,0,,,,,,
[datetime.datetime(2021; 04; 16; 12; 06; 19; 000584)],0,1,0,1,1,1,1,0,0,0,0,0,,,,,,
[datetime.datetime(2021; 04; 16; 12; 06; 19; 000585)],0,1,0,1,1,1,1,0,0,0,0,0,,,,,,
[datetime.datetime(2021; 04; 16; 12; 06; 19; 000586)],0,1,1,1,1,1,1,0,0,0,0,0,,,,,,
[datetime.datetime(2021; 04; 16; 12; 06; 19; 000587)],0,0,1,1,1,1,1,0,0,0,0,0,,,,,,
[datetime.datetime(2021; 04; 16; 12; 06; 19; 000588)],0,0,1,1,1,1,1,0,0,0,0,0,,,,,,
[datetime.datetime(2021; 04; 16; 12; 06; 19; 000589)],0,0,1,1,1,1,1,0,0,0,0,0,,,,,,
[datetime.datetime(2021; 04; 16; 12; 06; 19; 000590)],0,0,1,1,1,1,1,0,0,0,0,0,,,,,,
[datetime.datetime(2021; 04; 16; 12; 06; 20; 000591)],0,0,1,1,1,1,1,0,0,0,0,0,,,,,,
[datetime.datetime(2021; 04; 16; 12; 06; 20; 000592)],0,0,1,1,1,1,1,0,0,0,0,0,,,,,,
[datetime.datetime(2021; 04; 16; 12; 06; 20; 000593)],0,0,1,1,1,1,1,0,0,0,0,0,,,,,,
[datetime.datetime(2021; 04; 16; 12; 06; 20; 000594)],0,0,1,1,1,1,1,0,0,0,0,0,,,,,,
[datetime.datetime(2021; 04; 16; 12; 06; 20; 000595)],0,0,1,1,1,1,1,0,0,0,0,0,,,,,,
[datetime.datetime(2021; 04; 16; 12; 06; 20; 000596)],0,0,1,1,1,1,1,0,0,0,0,0,,,,,,
[datetime.datetime(2021; 04; 16; 12; 06; 20; 000597)],0,0,1,1,0,1,1,0,0,0,0,0,,,,,,
[datetime.datetime(2021; 04; 16; 12; 06; 20; 000598)],0,0,1,1,1,1,1,0,0,0,0,0,,,,,,
[datetime.datetime(2021; 04; 16; 12; 06; 20; 000599)],0,0,1,1,1,1,1,0,0,0,0,0,,,,,,
[datetime.datetime(2021; 04; 16; 12; 06; 21; 000600)],0,0,1,1,1,1,1,0,0,0,0,0,,,,,,
[datetime.datetime(2021; 04; 16; 12; 06; 21; 000601)],0,0,1,1,1,1,1,0,0,0,0,0,,,,,,
[datetime.datetime(2021; 04; 16; 12; 06; 21; 000602)],0,0,1,1,1,1,1,0,0,0,0,0,,,,,,
[datetime.datetime(2021; 04; 16; 12; 06; 21; 000603)],0,0,1,1,1,1,1,0,0,0,0,0,,,,,,
[datetime.datetime(2021; 04; 16; 12; 06; 21; 000604)],0,0,1,1,1,1,1,0,0,0,0,0,,,,,,
[datetime.datetime(2021; 04; 16; 12; 06; 21; 000605)],0,0,1,1,1,1,1,0,0,0,0,0,,,,,,
[datetime.datetime(2021; 04; 16; 12; 06; 21; 000606)],0,0,1,1,1,1,0,0,0,0,0,0,,,,,,
[datetime.datetime(2021; 04; 16; 12; 06; 21; 000607)],0,0,1,1,1,1,0,0,0,0,0,0,,,,,,
[datetime.datetime(2021; 04; 16; 12; 06; 21; 000608)],0,0,1,1,1,1,1,0,0,0,0,0,,,,,,
[datetime.datetime(2021; 04; 16; 12; 06; 21; 000609)],0,0,0,1,1,1,1,0,0,0,0,0,,,,,,
[datetime.datetime(2021; 04; 16; 12; 06; 22; 000610)],0,0,0,1,1,1,1,0,0,0,0,0,,,,,,